;index;Category;Image_link;Discount_icon_text;Item_name;Item_discount_time;Discount_shop_size;Item_price_euro;Item_price_cents;Discount_text_decorator;Discount_facilitator
0;0;Vaisiai ir daržovės;https://offers.maxima.lt/media/MarketingOffer/656def96f12b8.png;;"
        Bananai, 1 kg
    ";"
             Iki 12.11
                ";0;0;79;;
1;1;Vaisiai ir daržovės;https://offers.maxima.lt/media/MarketingOffer/656def966f500.png;;"
        Didieji greipfrutai POMELO, 1 kg
    ";"
             Iki 12.11
                ";0;0;99;;
2;2;Vaisiai ir daržovės;https://offers.maxima.lt/media/MarketingOffer/656def50a9436.png;;"
        Ilgavaisis agurkas, 1 vnt.
    ";"
             Iki 12.11
                ";0;0;89;;
3;3;Vaisiai ir daržovės;https://offers.maxima.lt/media/MarketingOffer/656def4e79922.png;;"
        Mandarinai, fasuoti, 1 kg
    ";"
             Iki 12.11
                ";0;1;19;;
4;4;Vaisiai ir daržovės;https://offers.maxima.lt/media/MarketingOffer/656def4f6f3ad.png;;"
        Raudonos saldžiosios paprikos, 1 kg
    ";"
             Iki 12.11
                ";0;2;45;;
5;5;Vaisiai ir daržovės;https://offers.maxima.lt/media/MarketingOffer/656def502e887.png;;"
        Šilauogės kibirėlyje, fasuotos, 400 g
    ";"
             Iki 12.11
                ";0;5;29;;
6;6;Vaisiai ir daržovės;https://offers.maxima.lt/media/MarketingOffer/656def4fe5afb.png;;"
        Žaliosios besėklės vynuogės, fasuotos, 500 g
    ";"
             Iki 12.11
                ";0;2;49;;
7;7;Vaisiai ir daržovės;https://offers.maxima.lt/media/MarketingOffer/656def52ea48e.png;;"
        Mangas, 1 vnt.
    ";"
             Iki 12.11
                ";0;0;99;;
8;8;Vaisiai ir daržovės;https://offers.maxima.lt/media/MarketingOffer/656def526d538.png;;"
        Granatai, 1 kg
    ";"
             Iki 12.11
                ";0;1;59;;
9;9;Vaisiai ir daržovės;https://offers.maxima.lt/media/MarketingOffer/656def51e872f.png;;"
        Obuoliai JONAGOLD, 1 kg
    ";"
             Iki 12.11
                ";0;0;59;;
10;10;Vaisiai ir daržovės;https://offers.maxima.lt/media/MarketingOffer/656def512dd15.png;;"
        Avokadai READY TO EAT WELL DONE, fasuoti, 1 pak. (2 vnt.)
    ";"
             Iki 12.11
                ";0;1;69;;
11;11;Vaisiai ir daržovės;https://offers.maxima.lt/media/MarketingOffer/656def51766f7.png;;"
        Bulvės LINKĖJIMAI IŠ KAIMO, fasuotos, 1 kg
    ";"
             Iki 12.11
                ";0;0;59;;
12;12;Vaisiai ir daržovės;https://offers.maxima.lt/media/MarketingOffer/656def55e6f6c.png;;"
        Lietuviški lupti virti burokėliai LINKĖJIMAI IŠ KAIMO, vakuumuoti, 500 g
    ";"
             Iki 12.11
                ";0;0;55;;
13;13;Vaisiai ir daržovės;https://offers.maxima.lt/media/MarketingOffer/656def54e8042.png;;"
        Rauginti agurkai LINKĖJIMAI IŠ KAIMO, vakuumuoti, 500 g
    ";"
             Iki 12.11
                ";0;0;99;;
14;14;Mėsa ir mėsos gaminiai;https://offers.maxima.lt/media/MarketingOffer/656def6638cec.png; -41%;"
        Atšaldyta kiaulienos nugarinė be kaulo ir odos, vakuumuota, 1 kg
    ";"
             Iki 12.11
                ";0;3;49;"
                5,99
                €
            ";
15;15;Mėsa ir mėsos gaminiai;https://offers.maxima.lt/media/MarketingOffer/656def65e8e9a.png; -50%;"
        Šviežia viščiukų broilerių filė VILNIAUS PAUKŠTYNAS, 500 g
    ";"
             Iki 12.11
                ";0;2;74;"
                5,49
                €
            ";
16;16;Mėsa ir mėsos gaminiai;https://offers.maxima.lt/media/MarketingOffer/656def656c792.png; -40%;"
        Šviežios viščiukų broilerių sparnelių vidurinės dalys WELL DONE, 500 g
    ";"
             Iki 12.11
                ";0;1;19;"
                1,99
                €
            ";
17;17;Mėsa ir mėsos gaminiai;https://offers.maxima.lt/media/MarketingOffer/656def66e66f5.png; -50%;"
        Lėtai virti marinuoti KREKENAVOS kiaulienos šonkauliai, a. r., 1 kg
    ";"
             Iki 12.11
                ";0;7;49;"
                14,99
                €
            ";
18;18;Mėsa ir mėsos gaminiai;https://offers.maxima.lt/media/MarketingOffer/656def64ece81.png; -17%;"
        Šviežias vištienos faršas VILNIAUS PAUKŠTYNAS, rieb. mažiau kaip 15 %, 400 g
    ";"
             Iki 12.11
                ";0;1;89;"
                2,29
                €
            ";
19;19;Mėsa ir mėsos gaminiai;https://offers.maxima.lt/media/MarketingOffer/656def64a93fc.png; -15%;"
        Šviežia pjaustyta jautiena guliašui ruošti WELL DONE, 400 g
    ";"
             Iki 12.11
                ";0;3;39;"
                3,99
                €
            ";
20;20;Mėsa ir mėsos gaminiai;https://offers.maxima.lt/media/MarketingOffer/656def646ee92.png; -23%;"
        Šviežios KAPSŲ kalakutienos dešrelės, 400 g
    ";"
             Iki 12.11
                        , nuo 
                
        ";2;2;29;"
                2,99
                €
            ";
21;21;Mėsa ir mėsos gaminiai;https://offers.maxima.lt/media/MarketingOffer/656def7d6e715.png;;"
        Švieži kiaulienos sprandinės pjausniai BIOVELA, 320 g
    ";"
             Iki 12.11
                        , nuo 
                
        ";2;2;99;;AČIŪ
22;22;Mėsa ir mėsos gaminiai;https://offers.maxima.lt/media/MarketingOffer/656def7ce95bb.png;;"
        Šviežia kiaulienos nugarinė su šonine WELL DONE, 1 kg
    ";"
             Iki 12.11
                        , nuo 
                
        ";2;6;49;;AČIŪ
23;23;Mėsa ir mėsos gaminiai;https://offers.maxima.lt/media/MarketingOffer/656defa02f124.png; -40%;"
        Vištienos filė kepsniai meškinių česnakų marinate, 500 g
    ";"
             Iki 12.11
                        , nuo 
                
        ";2;3;59;"
                5,99
                €
            ";
24;24;Mėsa ir mėsos gaminiai;https://offers.maxima.lt/media/MarketingOffer/656def9faa659.png; -23%;"
        Marinuotas viščiukas PREMIUM su cinamono ir obuolių marinatu, 1 kg
    ";"
             Iki 12.11
                ";0;4;99;"
                6,49
                €
            ";
25;25;Mėsa ir mėsos gaminiai;https://offers.maxima.lt/media/MarketingOffer/656def582f2e7.png; -26%;"
        Sausai marinuoti MEKSIKIETIŠKI kiaulienos sprandinės kepsneliai, 400 g
    ";"
             Iki 12.11
                        , nuo 
                
        ";2;4;79;"
                6,49
                €
            ";
26;26;Mėsa ir mėsos gaminiai;https://offers.maxima.lt/media/MarketingOffer/656defb2a952e.png; -50%;"
        Virtos GIMINIŲ dešrelės, a. r., 860 g
    ";"
             Iki 12.11
                ";0;3;99;"
                7,99
                €
            ";
27;27;Mėsa ir mėsos gaminiai;https://offers.maxima.lt/media/MarketingOffer/656defb1e9d43.png; -30%;"
        Virtos kepamosios vištienos dešrelės WELL DONE, 2 rūšių, I r., 270 g
    ";"
             Iki 12.11
                ";0;1;74;"
                2,49
                €
            ";
28;28;Mėsa ir mėsos gaminiai;https://offers.maxima.lt/media/MarketingOffer/656defb0e95a7.png; -33%;"
        Virtos LIETUVIŠKOS sardelės, a. r., 1 kg
    ";"
             Iki 12.11
                ";0;3;99;"
                5,99
                €
            ";
29;29;Mėsa ir mėsos gaminiai;https://offers.maxima.lt/media/MarketingOffer/656defb12fb71.png; -30%;"
        Virtoms SAMSONO dešroms
    ";"
             Iki 12.11
                ";0;;;;
30;30;Mėsa ir mėsos gaminiai;https://offers.maxima.lt/media/MarketingOffer/656defb06ac49.png;1+1;"
        Karštai rūkytas BIOVELOS saliamis, I r., 280 g 2 pak. x 280 g
    ";"
             Iki 12.11
                ";0;3;49;;AČIŪ
31;31;Mėsa ir mėsos gaminiai;https://offers.maxima.lt/media/MarketingOffer/656defb26ccff.png;1+1;"
        Virta PANERIO dešra, a. r., 2 pak. x 250 g
    ";"
             Iki 12.11
                ";0;2;29;;AČIŪ
32;32;Mėsa ir mėsos gaminiai;https://offers.maxima.lt/media/MarketingOffer/656defb1758e1.png; -37%;"
        Pjaustyta karštai rūkyta kiaulienos nugarinė WELL DONE, a. r., 100 g
    ";"
             Iki 12.11
                ";0;0;99;"
                1,59
                €
            ";
33;33;Mėsa ir mėsos gaminiai;https://offers.maxima.lt/media/MarketingOffer/656defb22f14d.png; -40%;"
        Pjaustytiems SAMSONO rūkytiems ir vytintiems mėsos gaminiams
    ";"
             Iki 12.11
                ";0;;;;
34;34;Mėsa ir mėsos gaminiai;https://offers.maxima.lt/media/MarketingOffer/656defafe8f57.png;1+1;"
        Šaltai rūkyta kiaulienos šoninė, a. r., 2 pak. x 140 g
    ";"
             Iki 12.11
                ";0;3;49;;AČIŪ
35;35;Mėsa ir mėsos gaminiai;https://offers.maxima.lt/media/MarketingOffer/656defafa9042.png; -50%;"
        Šaltai rūkyta KREKENAVOS SKILANDINĖ dešra, a. r., 350 g
    ";"
             Iki 12.11
                ";0;2;99;"
                5,99
                €
            ";
36;36;Mėsa ir mėsos gaminiai;https://offers.maxima.lt/media/MarketingOffer/656def8db45d0.png; -50%;"
        VYTINTA MINDAUGO dešra, a. r., 200 g
    ";"
             Iki 12.11
                ";0;2;64;"
                5,29
                €
            ";
37;37;Mėsa ir mėsos gaminiai;https://offers.maxima.lt/media/MarketingOffer/656def8faa7a7.png; -40%;"
        NEMATEKO MAŽYLIŲ linijos gaminiams
    ";"
             Iki 12.11
                ";0;;;;
38;38;Pieno gaminiai ir kiaušiniai;https://offers.maxima.lt/media/MarketingOffer/656def70e98a2.png; -53%;"
        Majonezas HELLMANN’S ORIGINAL, 73 % rieb., 625 ml
    ";"
             Iki 12.11
                ";0;2;69;"
                5,79
                €
            ";
39;39;Pieno gaminiai ir kiaušiniai;https://offers.maxima.lt/media/MarketingOffer/656defade6674.png; -43%;"
        ROKIŠKIO NAMINĖ grietinė, 30 % rieb., 400 g
    ";"
             Iki 12.11
                ";0;1;49;"
                2,65
                €
            ";
40;40;Pieno gaminiai ir kiaušiniai;https://offers.maxima.lt/media/MarketingOffer/656d756d723d6.png;3 vnt. už;"
        SU PROGRAMĖLE! Varškytė MIAU, 6 % rieb., 4 rūšių, 3 vnt. x 100 g
    ";"
             Iki 12.11
                ";0;1;99;;Tik Su Programele
41;41;Pieno gaminiai ir kiaušiniai;https://offers.maxima.lt/media/MarketingOffer/656def88e9fe2.png;1+1;"
        Glaistytas varškės sūrelis PASAKA, 20–23 % rieb., 2 pak. x 45 g
    ";"
             Iki 12.11
                ";0;0;69;;AČIŪ
42;42;Pieno gaminiai ir kiaušiniai;https://offers.maxima.lt/media/MarketingOffer/656def8ba90ce.png; -28%;"
        Fermentinis NAMINIS sūris, 45 % rieb., s. m., 240 g
    ";"
             Iki 12.11
                ";0;1;99;"
                2,79
                €
            ";
43;43;Pieno gaminiai ir kiaušiniai;https://offers.maxima.lt/media/MarketingOffer/656def6f845fb.png; -42%;"
        ROKIŠKIO sviestas, 82 % rieb., 200 g
    ";"
             Iki 12.11
                ";0;1;49;"
                2,59
                €
            ";
44;44;Pieno gaminiai ir kiaušiniai;https://offers.maxima.lt/media/MarketingOffer/656defabe716f.png;;"
        Natūralus DVARO pienas, 2,5 % rieb., 2 l
    ";"
             Iki 12.11
                ";0;2;39;;AČIŪ
45;45;Pieno gaminiai ir kiaušiniai;https://offers.maxima.lt/media/MarketingOffer/656defaba95a6.png; -17%;"
        Ekologiškas pienas AUGA, 3,5 % rieb., 1 l
    ";"
             Iki 12.11
                ";0;1;39;"
                1,69
                €
            ";
46;46;Pieno gaminiai ir kiaušiniai;https://offers.maxima.lt/media/MarketingOffer/656defaceefcd.png;;"
        DVARO kefyras, 3,2 % rieb., 900 g
    ";"
             Iki 12.11
                ";0;1;39;;AČIŪ
47;47;Pieno gaminiai ir kiaušiniai;https://offers.maxima.lt/media/MarketingOffer/656defac6d239.png;;"
        ŽEMAITIJOS varškė, 9 % rieb., 180 g
    ";"
             Iki 12.11
                ";0;0;99;;AČIŪ
48;48;Pieno gaminiai ir kiaušiniai;https://offers.maxima.lt/media/MarketingOffer/656def85ac3dc.png; -35%;"
        ROKIŠKIO NAMINĖ varškė, 9 % rieb., 1 kg
    ";"
             Iki 12.11
                ";0;4;49;"
                6,99
                €
            ";
49;49;Pieno gaminiai ir kiaušiniai;https://offers.maxima.lt/media/MarketingOffer/656def86a93fc.png; -25%;"
        SENOLIŲ LIETUVIŠKAS; ZANAVYKŲ varškės sūris, 22 % rieb. s. m., 3 rūšių, 230–250 g
    ";"
             Iki 12.11
                ";0;2;99;"
                3,99
                €
            ";
50;50;Pieno gaminiai ir kiaušiniai;https://offers.maxima.lt/media/MarketingOffer/656def8538d86.png;;"
        Rūkytas lydytas ROKIŠKIO NAMINIS sūris su kumpiu, 40 % rieb. s. m., 250 g
    ";"
             Iki 12.11
                ";0;1;99;;AČIŪ
51;51;Pieno gaminiai ir kiaušiniai;https://offers.maxima.lt/media/MarketingOffer/656def85e8dcb.png;;"
        Tepamasis varškės sūris ALMETTE, 3 rūšių, 20–24 % rieb. s. m., 150 g
    ";"
             Iki 12.11
                ";0;1;69;;AČIŪ
52;52;Pieno gaminiai ir kiaušiniai;https://offers.maxima.lt/media/MarketingOffer/656def86e6acf.png;;"
        RAMBYNO tepamasis sūrelis, 3 rūšių, 50 % rieb. s. m., 175 g
    ";"
             Iki 12.11
                ";0;1;59;;AČIŪ
53;53;Pieno gaminiai ir kiaušiniai;https://offers.maxima.lt/media/MarketingOffer/656def84e6d4d.png; -45%;"
        Lydytas sviestas GHEE KTC, 100 % rieb., 500 g
    ";"
             Iki 12.11
                ";0;5;49;"
                9,99
                €
            ";
54;54;Pieno gaminiai ir kiaušiniai;https://offers.maxima.lt/media/MarketingOffer/656def856f3f1.png; -40%;"
        Majonezas ORIGINAL WELL DONE, 80 % rieb., 610 g
    ";"
             Iki 12.11
                ";0;2;39;"
                3,99
                €
            ";
55;55;Pieno gaminiai ir kiaušiniai;https://offers.maxima.lt/media/MarketingOffer/656def862fff5.png;;"
        Ant kraiko laikomų vištų kiaušiniai KOKO, 1 dėž. (10 vnt.)
    ";"
             Iki 12.11
                ";0;1;79;;AČIŪ
56;56;Pieno gaminiai ir kiaušiniai;https://offers.maxima.lt/media/MarketingOffer/656def866cfa7.png;;"
        Tarkuotas sūris PARMIGIANO REGGIANO, 32 % rieb. s. m., 90 g
    ";"
             Iki 12.11
                        , nuo 
                
        ";2;2;29;;AČIŪ
57;57;Pieno gaminiai ir kiaušiniai;https://offers.maxima.lt/media/MarketingOffer/656def872fc74.png; -24%;"
        Feta OLYMPUS, 48 % rieb. s. m., 150 g
    ";"
             Iki 12.11
                ";0;2;49;"
                3,29
                €
            ";
58;58;Pieno gaminiai ir kiaušiniai;https://offers.maxima.lt/media/MarketingOffer/656defa16ce66.png;;"
        Sūrio lazdelės MIAU, 40 % rieb. s. m., 100 g
    ";"
             Iki 12.11
                ";0;1;89;;AČIŪ
59;59;Pieno gaminiai ir kiaušiniai;https://offers.maxima.lt/media/MarketingOffer/656defa1a9aee.png; -37%;"
        Tilžės sūris SAULĖS PIENAS, 45 % rieb. s. m., 400 g
    ";"
             Iki 12.11
                ";0;2;49;"
                3,99
                €
            ";
60;60;Pieno gaminiai ir kiaušiniai;https://offers.maxima.lt/media/MarketingOffer/656defa131e55.png;;"
        SENOJO DVARO sūris, 45 % rieb. s. m., 150 g
    ";"
             Iki 12.11
                        , nuo 
                
        ";2;2;29;;AČIŪ
61;61;Pieno gaminiai ir kiaušiniai;https://offers.maxima.lt/media/MarketingOffer/656defa46c78b.png; -25%;"
        Ekologiškas jogurtas DOBILAS, 3 rūšių, 3,2–3,8 % rieb., 300 g
    ";"
             Iki 12.11
                ";0;1;49;"
                1,99
                €
            ";
62;62;Pieno gaminiai ir kiaušiniai;https://offers.maxima.lt/media/MarketingOffer/656defa36c08c.png; -26%;"
        Jogurtas ACTIVIA, 2 rūšių, 2,6 % rieb., 480 g
    ";"
             Iki 12.11
                ";0;2;19;"
                2,99
                €
            ";
63;63;Pieno gaminiai ir kiaušiniai;https://offers.maxima.lt/media/MarketingOffer/656defa277f7a.png;;"
        Jogurtas JO, 3 rūšių, 2,5 % rieb., 900 g
    ";"
             Iki 12.11
                ";0;2;19;;AČIŪ
64;64;Pieno gaminiai ir kiaušiniai;https://offers.maxima.lt/media/MarketingOffer/656defa239b23.png; -20%;"
        Fermentuotas jogurtinis gėrimas ACTIMEL, 3 rūšių, 1,5 % rieb., 1 pak. (8 but. x 100 g)
    ";"
             Iki 12.11
                ";0;3;59;"
                4,49
                €
            ";
65;65;Pieno gaminiai ir kiaušiniai;https://offers.maxima.lt/media/MarketingOffer/656defa2e7531.png;2 vnt. už;"
        Varškė kruopelėmis ALMA, 5 rūšių, 5 % rieb., 2 pak. x 200 g
    ";"
             Iki 12.11
                        , nuo 
                
        ";2;1;99;;AČIŪ
66;66;Pieno gaminiai ir kiaušiniai;https://offers.maxima.lt/media/MarketingOffer/656defa3e6e57.png;;"
        Saldintas sutirštintas pienas LIETUVAITĖ, 8 % rieb., 1 kg
    ";"
             Iki 12.11
                ";0;2;99;;AČIŪ
67;67;Pieno gaminiai ir kiaušiniai;https://offers.maxima.lt/media/MarketingOffer/656defa333bc2.png;2 vnt. už;"
        Varškės sūrelis PROTEIN, 3 rūšių, 12,5–14 % rieb., 2 pak. x 40 g
    ";"
             Iki 12.11
                ";0;0;99;;AČIŪ
68;68;Žuvis ir žuvies produktai;https://offers.maxima.lt/media/MarketingOffer/656def573b5a1.png; -33%;"
        Atšildytos nevirtos baltakojės blyškiosios krevetės, 1 kg
    ";"
             Iki 12.11
                        , nuo 
                
        ";2;7;99;"
                11,99
                €
            ";
69;69;Žuvis ir žuvies produktai;https://offers.maxima.lt/media/MarketingOffer/656def576d8a8.png; -33%;"
        Šviežia atlantinių lašišų filė, 1 kg
    ";"
             Iki 12.11
                ";0;11;99;"
                17,99
                €
            ";
70;70;Žuvis ir žuvies produktai;https://offers.maxima.lt/media/MarketingOffer/656def58ea3a6.png; -27%;"
        Šviežia afrikinių šamų plėšikų filė su oda, 320 g
    ";"
             Iki 12.11
                ";0;3;99;"
                5,49
                €
            ";
71;71;Žuvis ir žuvies produktai;https://offers.maxima.lt/media/MarketingOffer/656def586e75f.png; -29%;"
        Atšildyti paprastieji aštuonkojai, 1 kg
    ";"
             Iki 12.11
                        , nuo 
                
        ";3;11;99;"
                16,99
                €
            ";
72;72;Žuvis ir žuvies produktai;https://offers.maxima.lt/media/MarketingOffer/656def57aa6c1.png; -33%;"
        Atšildytos raudonosios australinės menkės be galvų, 1 kg
    ";"
             Iki 12.11
                        , nuo 
                
        ";2;5;99;"
                8,99
                €
            ";
73;73;Žuvis ir žuvies produktai;https://offers.maxima.lt/media/MarketingOffer/656def59a86b4.png; -35%;"
        Marinuoti silkių filė gabaliukai WELL DONE, 2 rūšių, 300 g
    ";"
             Iki 12.11
                ";0;1;79;"
                2,79
                €
            ";
74;74;Žuvis ir žuvies produktai;https://offers.maxima.lt/media/MarketingOffer/656def592ed10.png; -25%;"
        Lašišų filė ZIGMAS, 2 rūšių, 100 g
    ";"
             Iki 12.11
                ";0;2;99;"
                3,99
                €
            ";
75;75;Žuvis ir žuvies produktai;https://offers.maxima.lt/media/MarketingOffer/656def58a8f20.png; -17%;"
        Karštai rūkyti atlantinių lašišų nugarkauliai OCEAN, 1 kg
    ";"
             Iki 12.11
                ";0;3;39;"
                4,09
                €
            ";
76;76;Žuvis ir žuvies produktai;https://offers.maxima.lt/media/MarketingOffer/656def57e5a0b.png; -23%;"
        Rūkytos skumbrės OCEAN be galvų, 2 rūšių, 1 kg
    ";"
             Iki 12.11
                ";0;4;99;"
                6,49
                €
            ";
77;77;Žuvis ir žuvies produktai;https://offers.maxima.lt/media/MarketingOffer/656def89e7d19.png;2 vnt. už;"
        Atšaldytos krabų skonio lazdelės iš surimio PORT LITE, 2 pak. x 150 g
    ";"
             Iki 12.11
                ";0;1;69;;AČIŪ
78;78;Žuvis ir žuvies produktai;https://offers.maxima.lt/media/MarketingOffer/656def8b3624a.png; -37%;"
        Lašišinių žuvų raudonieji ikrai, 95 g
    ";"
             Iki 12.11
                        , nuo 
                
        ";2;4;99;"
                7,99
                €
            ";
79;79;Žuvis ir žuvies produktai;https://offers.maxima.lt/media/MarketingOffer/656def8a2ec1b.png; -26%;"
        Krapų skonio šprotai BRIVAIS VILNIS aliejuje, 160 g
    ";"
             Iki 12.11
                ";0;1;69;"
                2,29
                €
            ";
80;80;Žuvis ir žuvies produktai;https://offers.maxima.lt/media/MarketingOffer/656def8938095.png; -25%;"
        Azijietiška; graikiška kepta žuvis SEKO, 2 rūšių, 500 g
    ";"
             Iki 12.11
                ";0;2;59;"
                3,49
                €
            ";
81;81;Žuvis ir žuvies produktai;https://offers.maxima.lt/media/MarketingOffer/656def8be7189.png; -30%;"
        Jūrų gėrybių užkandis LOCAS, 2 rūšių, 200 g
    ";"
             Iki 12.11
                        , nuo 
                
        ";2;2;99;"
                4,29
                €
            ";
82;82;Kulinarija;https://offers.maxima.lt/media/MarketingOffer/656def60aaa2e.png;;"
        NAMINĖS salotos, fasuotos, 300 g
    ";"
             Iki 12.11
                        , nuo 
                
        ";2;1;45;;AČIŪ
83;83;Kulinarija;https://offers.maxima.lt/media/MarketingOffer/656def606d168.png;;"
        Kepti bulviniai vėdarai, 1 kg
    ";"
             Iki 12.11
                        , nuo 
                
        ";2;6;45;;AČIŪ
84;84;Kulinarija;https://offers.maxima.lt/media/MarketingOffer/656def62e9927.png;;"
        Marinuota silkė su svogūnais, fasuota, 400 g
    ";"
             Iki 12.11
                        , nuo 
                
        ";2;2;65;;AČIŪ
85;85;Kulinarija;https://offers.maxima.lt/media/MarketingOffer/656defb66b469.png;;"
        Kepti žemaičių blynai su mėsos įdaru, fasuoti, 260 g
    ";"
             Iki 12.11
                ";0;1;95;;AČIŪ
86;86;Kulinarija;https://offers.maxima.lt/media/MarketingOffer/656defb5b6067.png; -10%;"
        NICOS salotos, fasuotos, 240 g 
    ";"
             Iki 12.11
                ";0;1;75;"
                1,95
                €
            ";
87;87;Kulinarija;https://offers.maxima.lt/media/MarketingOffer/656defb4e7c1c.png; -11%;"
        SOČIOSIOS salotos su jautiena, fasuotos, 300 g
    ";"
             Iki 12.11
                        , nuo 
                
        ";2;2;35;"
                2,65
                €
            ";
88;88;Kulinarija;https://offers.maxima.lt/media/MarketingOffer/656defb4322fc.png; -12%;"
        Plovas su kiauliena, 1 kg
    ";"
             Iki 12.11
                        , nuo 
                
        ";2;6;95;"
                7,95
                €
            ";
89;89;Kulinarija;https://offers.maxima.lt/media/MarketingOffer/656def6676790.png; -10%;"
        Marinuotos ŽARIJOS viščiukų broilerių šlaunelės be antibiotikų, 1 kg
    ";"
             Iki 12.11
                        , nuo 
                
        ";2;6;65;"
                7,45
                €
            ";
90;90;Konditerija;https://offers.maxima.lt/media/MarketingOffer/656def566ebd1.png;3 vnt. už;"
        Spurga su cukrumi, atitirpinta, 3 vnt. x 50 g
    ";"
             Iki 12.11
                ";0;0;99;;AČIŪ
91;91;Konditerija;https://offers.maxima.lt/media/MarketingOffer/656def53eb8db.png;2 vnt. už;"
        Burekas su mėsa; špinatais ir feta, 2 rūšių, 2 vnt. x 85 g
    ";"
             Iki 12.11
                ";0;0;99;;AČIŪ
92;92;Konditerija;https://offers.maxima.lt/media/MarketingOffer/656def56b3ea0.png;;"
        KALNŲ duona, 550 g, 1 vnt.
    ";"
             Iki 12.11
                        , nuo 
                
        ";2;1;25;;AČIŪ
93;93;Konditerija;https://offers.maxima.lt/media/MarketingOffer/656def536cbd2.png;2 vnt. už;"
        Sluoksniuota bandelė su vanilės įdaru, 2 vnt. x 82 g
    ";"
             Iki 12.11
                ";0;0;99;;AČIŪ
94;94;Konditerija;https://offers.maxima.lt/media/MarketingOffer/656defb4770fd.png; -10%;"
        Tortas su mandarinais ROJUS, 1 kg
    ";"
             Iki 12.11
                        , nuo 
                
        ";2;8;95;"
                9,95
                €
            ";
95;95;Konditerija;https://offers.maxima.lt/media/MarketingOffer/656defb2e8c93.png; -18%;"
        Šokoladinis tortas su kokosiniu įdaru, 1 kg
    ";"
             Iki 12.11
                        , nuo 
                
        ";2;8;95;"
                10,95
                €
            ";
96;96;Konditerija;https://offers.maxima.lt/media/MarketingOffer/656defb36dc37.png; -11%;"
        Plokštainis ŠOKOLADINĖ PASAKA, 1 kg
    ";"
             Iki 12.11
                        , nuo 
                
        ";2;7;95;"
                8,95
                €
            ";
97;97;Konditerija;https://offers.maxima.lt/media/MarketingOffer/656defb5e77e4.png; -11%;"
        Vokiškas pyragas su grietinėlės kremu ir medumi, 1 kg
    ";"
             Iki 12.11
                ";0;7;95;"
                8,95
                €
            ";
98;98;Konditerija;https://offers.maxima.lt/media/MarketingOffer/656defb32f219.png; -10%;"
        Itališkas plokštainis tiramisu, 1 kg
    ";"
             Iki 12.11
                ";0;8;95;"
                9,95
                €
            ";
99;99;Duonos gaminiai;https://offers.maxima.lt/media/MarketingOffer/656def552fe3f.png; -20%;"
        DIDYSIS AGOTOS batonas, 500 g
    ";"
             Iki 12.11
                ";0;0;95;"
                1,19
                €
            ";
100;100;Duonos gaminiai;https://offers.maxima.lt/media/MarketingOffer/656defaf0a91d.png; -36%;"
        KLAIPĖDOS sumuštinių raikyta duona, 450 g
    ";"
             Iki 12.11
                ";0;1;39;"
                2,19
                €
            ";
101;101;Duonos gaminiai;https://offers.maxima.lt/media/MarketingOffer/656defad6ac5d.png; -17%;"
        Šviesi ruginė raikyta PALANGOS duona, 700 g
    ";"
             Iki 12.11
                ";0;1;39;"
                1,69
                €
            ";
102;102;Duonos gaminiai;https://offers.maxima.lt/media/MarketingOffer/656defae315d1.png; -20%;"
        Ruginė raikyta duona JONĖ be mielių, 390 g
    ";"
             Iki 12.11
                ";0;1;19;"
                1,49
                €
            ";
103;103;Duonos gaminiai;https://offers.maxima.lt/media/MarketingOffer/656defae6be90.png; -18%;"
        Tamsi raikyta ruginė duona su saulėgrąžomis, 500 g
    ";"
             Iki 12.11
                ";0;1;35;"
                1,65
                €
            ";
104;104;Duonos gaminiai;https://offers.maxima.lt/media/MarketingOffer/656defaf6e6af.png; -20%;"
        GARDĖSIO VAIKŲ SVAJONIŲ bandelės su varškės įdaru, 1 pak. (2 vnt. x 65 g)
    ";"
             Iki 12.11
                ";0;1;19;"
                1,49
                €
            ";
105;105;Šaldytas maistas;https://offers.maxima.lt/media/MarketingOffer/656def9ce85b1.png; -21%;"
        Šaldyta antis, 2 kg
    ";"
             Iki 12.11
                ";0;9;99;"
                12,79
                €
            ";
106;106;Šaldytas maistas;https://offers.maxima.lt/media/MarketingOffer/656def8ae94da.png;;"
        Šaldyta aliaskinių rudagalvių menkių filė NOWACO be odos, 490 g
    ";"
             Iki 12.11
                ";0;2;95;;AČIŪ
107;107;Šaldytas maistas;https://offers.maxima.lt/media/MarketingOffer/656def8975ee4.png; -22%;"
        Šaldytos virtos šiaurinės dryžakojės krevetės WELL DONE, 800 g
    ";"
             Iki 12.11
                ";0;6;99;"
                8,99
                €
            ";
108;108;Šaldytas maistas;https://offers.maxima.lt/media/MarketingOffer/656def8b7480e.png; -20%;"
        Šaldytiems žuvies pusgaminiams NOWACO
    ";"
             Iki 12.11
                ";0;;;;
109;109;Šaldytas maistas;https://offers.maxima.lt/media/MarketingOffer/656def8774188.png; -26%;"
        Šaldyti MOČIUTĖS koldūnai EXTRA, 1 kg
    ";"
             Iki 12.11
                ";0;3;69;"
                4,99
                €
            ";
110;110;Šaldytas maistas;https://offers.maxima.lt/media/MarketingOffer/656def87e98c7.png; -40%;"
        Šaldyti KYJIVO kotletai FOOD STORIES, 290 g
    ";"
             Iki 12.11
                ";0;2;99;"
                4,99
                €
            ";
111;111;Šaldytas maistas;https://offers.maxima.lt/media/MarketingOffer/656def8831b9a.png; -25%;"
        Šaldytos sviestinės bandelės su šokoladu, 240 g
    ";"
             Iki 12.11
                        , nuo 
                
        ";2;2;19;"
                2,95
                €
            ";
112;112;Šaldytas maistas;https://offers.maxima.lt/media/MarketingOffer/656def8875544.png; -25%;"
        Šaldyta pica GRANDIOSA, 3 rūšių, 330–350 g
    ";"
             Iki 12.11
                        , nuo 
                
        ";2;2;99;"
                3,99
                €
            ";
113;113;Šaldytas maistas;https://offers.maxima.lt/media/MarketingOffer/656def87a9335.png; -20%;"
        Produkcijai NATURLI
    ";"
             Iki 12.11
                ";0;;;;
114;114;Šaldytas maistas;https://offers.maxima.lt/media/MarketingOffer/656def8ca9563.png; -50%;"
        Valgomieji ledai; plombyras ragelyje KAR KAR, 2 rūšių, 90 g
    ";"
             Iki 12.11
                ";0;0;99;"
                1,99
                €
            ";
115;115;Šaldytas maistas;https://offers.maxima.lt/media/MarketingOffer/656def8c6e253.png;3 vnt. už;"
        Valgomieji ledai; plombyras puodelyje AURUM RETRO, 3 rūšių, 3 pak. x 70 g
    ";"
             Iki 12.11
                ";0;1;99;;AČIŪ
116;116;Šaldytas maistas;https://offers.maxima.lt/media/MarketingOffer/656def8c319ef.png; -36%;"
        Valgomieji ledai ant pagaliuko LION, 62 g
    ";"
             Iki 12.11
                        , nuo 
                
        ";2;1;45;"
                2,29
                €
            ";
117;117;Šaldytas maistas;https://offers.maxima.lt/media/MarketingOffer/656def8ce6428.png; -44%;"
        Valgomieji ledai ant pagaliuko DADU, 3 rūšių, 63 g
    ";"
             Iki 12.11
                ";0;0;99;"
                1,79
                €
            ";
118;118;Šaldytas maistas;https://offers.maxima.lt/media/MarketingOffer/656def8d2f93e.png;;"
        Valgomieji ledai; plombyras DADU, 3 rūšių, 400–440 g
    ";"
             Iki 12.11
                ";0;3;99;;AČIŪ
119;119;Saldumynai;https://offers.maxima.lt/media/MarketingOffer/656defa5aea18.png; -50%;"
        VILNIAUS PERGALĖS sveriamiems saldainiams, saldainiams dėžutėse, šokolado plytelėms
    ";"
             Iki 12.11
                ";0;;;;
120;120;Saldumynai;https://offers.maxima.lt/media/MarketingOffer/656defa66c8ed.png;;"
        Zefyras ant pagaliuko FIZZY XMAS MALLOW POP, 3 rūšių, 35 g
    ";"
             Iki 12.11
                ";0;1;09;;AČIŪ
121;121;Saldumynai;https://offers.maxima.lt/media/MarketingOffer/656defa7e7baa.png;;"
        Pieninio šokolado saldainių rinkinys INCO, 2 rūšių, 80 g
    ";"
             Iki 12.11
                ";0;1;09;;AČIŪ
122;122;Saldumynai;https://offers.maxima.lt/media/MarketingOffer/656defa4e7e7d.png;;"
        Pieninio šokolado kalėdinių žaisliukų rinkinys INCO, 105 g
    ";"
             Iki 12.11
                ";0;1;09;;AČIŪ
123;123;Saldumynai;https://offers.maxima.lt/media/MarketingOffer/656defa62dc2f.png;;"
        Kalėdinis ledinukas GIGA TWISTY, 3 rūšių, 65 g
    ";"
             Iki 12.11
                        , nuo 
                
        ";2;1;39;;AČIŪ
124;124;Saldumynai;https://offers.maxima.lt/media/MarketingOffer/656defa4ab837.png;;"
        Šokoladinis Kalėdų Senelis KINDER, 55 g
    ";"
             Iki 12.11
                ";0;1;49;;AČIŪ
125;125;Saldumynai;https://offers.maxima.lt/media/MarketingOffer/656defa8312f6.png;;"
        Guminukai HARIBO FROHE WEIHNACHTE, 200 g
    ";"
             Iki 12.11
                        , nuo 
                
        ";2;1;89;;AČIŪ
126;126;Saldumynai;https://offers.maxima.lt/media/MarketingOffer/656defab6cbc4.png;;"
        Pieninio šokolado figūrėlė KINDER su staigmena, 3 rūšių, 36 g
    ";"
             Iki 12.11
                        , nuo 
                
        ";2;1;99;;AČIŪ
127;127;Saldumynai;https://offers.maxima.lt/media/MarketingOffer/656defaa6c5ce.png;;"
        Pieninis šokoladas KINDER, 3 rūšių, 150 g
    ";"
             Iki 12.11
                ";0;2;09;;AČIŪ
128;128;Saldumynai;https://offers.maxima.lt/media/MarketingOffer/656defaae6815.png;;"
        Pieninio šokolado meškiukai LINDT, 1 dėž. (5 vnt. x 10 g)
    ";"
             Iki 12.11
                        , nuo 
                
        ";2;2;79;;AČIŪ
129;129;Saldumynai;https://offers.maxima.lt/media/MarketingOffer/656defa9a8d58.png;;"
        Saldainių rinkinys ROSHEN DRAKONIUKŲ KALĖDOS, 277 g
    ";"
             Iki 12.11
                ";0;2;29;;AČIŪ
130;130;Saldumynai;https://offers.maxima.lt/media/MarketingOffer/656defab31328.png;;"
        Saldainių rinkinys ROSHEN KALĖDINIS VAINIKAS, 350 g
    ";"
             Iki 12.11
                        , nuo 
                
        ";2;3;19;;AČIŪ
131;131;Saldumynai;https://offers.maxima.lt/media/MarketingOffer/656defa8ab6eb.png;;"
        Šokoladinis Kalėdų Senelis KINDER su šokoladiniu kiaušiniu, 3 rūšių, 75 g
    ";"
             Iki 12.11
                ";0;3;49;;AČIŪ
132;132;Saldumynai;https://offers.maxima.lt/media/MarketingOffer/656defa9e6d46.png;;"
        Saldainiai TOFFIFEE SANTA, 1 dėž. (2 pak. x 125 g)
    ";"
             Iki 12.11
                        , nuo 
                
        ";2;3;79;;AČIŪ
133;133;Saldumynai;https://offers.maxima.lt/media/MarketingOffer/656defa86e45b.png;;"
        Saldumynų rinkinys AHA ZOO su gyvūnėlio figūrėle, 250 g
    ";"
             Iki 12.11
                ";0;4;19;;AČIŪ
134;134;Saldumynai;https://offers.maxima.lt/media/MarketingOffer/656defa8f06f8.png;;"
        Šokoladinių saldainių rinkinys RŪTA NORŲ IŠSIPILDYMO!, 100 g
    ";"
             Iki 12.11
                        , nuo 
                
        ";2;4;49;;AČIŪ
135;135;Saldumynai;https://offers.maxima.lt/media/MarketingOffer/656defaa30fd0.png;;"
        Saldainių dovanėlė RŪTA APSIKABINKIME!, 185 g
    ";"
             Iki 12.11
                        , nuo 
                
        ";2;4;89;;AČIŪ
136;136;Saldumynai;https://offers.maxima.lt/media/MarketingOffer/656def96317aa.png;;"
        Pieninio šokokolado saldainis FERRERO ROCHER, 125 g
    ";"
             Iki 12.11
                        , nuo 
                
        ";2;4;89;;AČIŪ
137;137;Saldumynai;https://offers.maxima.lt/media/MarketingOffer/656def976c155.png;;"
        Šokoladinių saldainių rinkinys HAMLET, 2 rūšių, 250 g
    ";"
             Iki 12.11
                        , nuo 
                
        ";2;5;49;;AČIŪ
138;138;Saldumynai;https://offers.maxima.lt/media/MarketingOffer/656def956ec69.png;;"
        Pieninio šokolado saldainiai SORINI su lazdynų riešutais, sveriami, 1 kg
    ";"
             Iki 12.11
                        , nuo 
                
        ";2;6;29;;AČIŪ
139;139;Saldumynai;https://offers.maxima.lt/media/MarketingOffer/656def95e78e4.png;;"
        Saldumynų rinkinys KIDDY COOL CHRISTMAS, 300 g
    ";"
             Iki 12.11
                        , nuo 
                
        ";2;6;99;;AČIŪ
140;140;Saldumynai;https://offers.maxima.lt/media/MarketingOffer/656def96a9aae.png;;"
        Saldainių rinkinys FERRERO ROCHER, 350 g
    ";"
             Iki 12.11
                        , nuo 
                
        ";2;12;59;;AČIŪ
141;141;Saldumynai;https://offers.maxima.lt/media/MarketingOffer/656defb56bf2d.png; -25%;"
        Šokoladinis pyragas, fasuotas, 300 g
    ";"
             Iki 12.11
                ";0;2;95;"
                3,95
                €
            ";
142;142;Saldumynai;https://offers.maxima.lt/media/MarketingOffer/656def93330e4.png;;"
        Saldainiai CANDY NUT, sveriami, 1 kg
    ";"
             Iki 12.11
                ";0;5;49;;AČIŪ
143;143;Saldumynai;https://offers.maxima.lt/media/MarketingOffer/656def942efbb.png;;"
        Karamelės ROSHEN SWEET DROP, sveriamos, 1 kg
    ";"
             Iki 12.11
                ";0;3;89;;AČIŪ
144;144;Saldumynai;https://offers.maxima.lt/media/MarketingOffer/656def9134471.png;;"
        Saldainiai FAZER GEISHA, 3 rūšių, 150 g
    ";"
             Iki 12.11
                ";0;2;69;;AČIŪ
145;145;Saldumynai;https://offers.maxima.lt/media/MarketingOffer/656def926d3e9.png; -30%;"
        Saldainiams ir šokoladui LINDT
    ";"
             Iki 12.11
                        , nuo 
                
        ";2;;;;
146;146;Saldumynai;https://offers.maxima.lt/media/MarketingOffer/656def91a82d5.png;;"
        Šokoladinis batonėlis TUPLA MAXI, 50 g
    ";"
             Iki 12.11
                ";0;0;69;;AČIŪ
147;147;Saldumynai;https://offers.maxima.lt/media/MarketingOffer/656def92a9c09.png;2 vnt. už;"
        Guminukai WELL DONE, 3 rūšių, 2 pak. x 35 g
    ";"
             Iki 12.11
                ";0;1;59;;AČIŪ
148;148;Saldumynai;https://offers.maxima.lt/media/MarketingOffer/656def937873f.png;;"
        Guminukai FINI, 3 rūšių, 90 g
    ";"
             Iki 12.11
                ";0;0;99;;AČIŪ
149;149;Saldumynai;https://offers.maxima.lt/media/MarketingOffer/656def92e69f7.png;;"
        Ledinukai CHUPA CHUPS, 2 rūšių, 12 g
    ";"
             Iki 12.11
                ";0;0;25;;AČIŪ
150;150;Saldumynai;https://offers.maxima.lt/media/MarketingOffer/656def94a8a3f.png;;"
        Žemės riešutų kremas ALVO, 2 rūšių, 500 g
    ";"
             Iki 12.11
                ";0;3;29;;AČIŪ
151;151;Saldumynai;https://offers.maxima.lt/media/MarketingOffer/656def91e912c.png;;"
        Vafliai SELGA, 3 rūšių, 90 g
    ";"
             Iki 12.11
                ";0;0;65;;AČIŪ
152;152;Saldumynai;https://offers.maxima.lt/media/MarketingOffer/656defa6e6f29.png;2 vnt. už;"
        Sausainiai GAIDELIS 7 GRŪDAI, 3 rūšių, 2 pak. x 160 g
    ";"
             Iki 12.11
                        , nuo 
                
        ";2;1;89;;AČIŪ
153;153;Saldumynai;https://offers.maxima.lt/media/MarketingOffer/656defa77158b.png;;"
        Imbieriniai sausainiai ANNAS, 3 rūšių, 150 g
    ";"
             Iki 12.11
                        , nuo 
                
        ";2;1;59;;AČIŪ
154;154;Bakalėja;https://offers.maxima.lt/media/MarketingOffer/656defa531ae8.png; -50%;"
        Produkcijai SANTA MARIA
    ";"
             Iki 12.11
                ";0;;;;
155;155;Bakalėja;https://offers.maxima.lt/media/MarketingOffer/656d756d85f63.png;2 vnt. už;"
        SU PROGRAMĖLE! Traškus vanilinis sukutis, 2 vnt. x 90 g
    ";"
             Iki 12.11
                ";0;0;85;;Tik Su Programele
156;156;Bakalėja;https://offers.maxima.lt/media/MarketingOffer/6572db11be441.png;;"
        Baltasis cukrus EXTRA LINE, 1 kg
    ";"
             Šį savaitgalį
                ";0;0;69;;AČIŪ
157;157;Bakalėja;https://offers.maxima.lt/media/MarketingOffer/65708b45c5200.png; -25%;"
        RYŽIŲ, GRIKIŲ IR KITOMS KRUOPOMS
    ";"
             Šį savaitgalį
                ";0;;;;
158;158;Bakalėja;https://offers.maxima.lt/media/MarketingOffer/656def65a956c.png; -14%;"
        Kroketai VIRTU su pievagrybiais ir mocarelos sūriu; mėsa, 2 rūšių, 400 g
    ";"
             Iki 12.11
                ";0;2;45;"
                2,85
                €
            ";
159;159;Bakalėja;https://offers.maxima.lt/media/MarketingOffer/656def642e6dd.png; -20%;"
        LEGENDINIS sumuštinis su kebabo vištiena, 260 g
    ";"
             Iki 12.11
                ";0;1;95;"
                2,45
                €
            ";
160;160;Bakalėja;https://offers.maxima.lt/media/MarketingOffer/656def8ee7b42.png; -28%;"
        Baltyminis batonėlis BOUNTY; SNICKERS, 2 rūšių, 60–65 g
    ";"
             Iki 12.11
                        , nuo 
                
        ";2;2;15;"
                2,99
                €
            ";
161;161;Bakalėja;https://offers.maxima.lt/media/MarketingOffer/656def8e6e9c9.png;;"
        Dribsniai NESTLÉ, 3 rūšių, 600–645 g
    ";"
             Iki 12.11
                ";0;4;19;;AČIŪ
162;162;Bakalėja;https://offers.maxima.lt/media/MarketingOffer/656def906c4bd.png; -40%;"
        Produkcijai ACTIVUS
    ";"
             Iki 12.11
                ";0;;;;
163;163;Bakalėja;https://offers.maxima.lt/media/MarketingOffer/656def7c6fe01.png; -30%;"
        Avižiniai dribsniai SKANĖJA, 400 g
    ";"
             Iki 12.11
                ";0;0;55;"
                0,79
                €
            ";
164;164;Bakalėja;https://offers.maxima.lt/media/MarketingOffer/656def7da8884.png; -40%;"
        Apvalieji ryžiai RISO SCOTTI ROUND GRAIN, 1 kg
    ";"
             Iki 12.11
                ";0;2;39;"
                3,99
                €
            ";
165;165;Bakalėja;https://offers.maxima.lt/media/MarketingOffer/656def7d2e995.png; -28%;"
        Raudonieji; žalieji lęšiai GRALLA, 2 rūšių, 400 g
    ";"
             Iki 12.11
                ";0;0;99;"
                1,39
                €
            ";
166;166;Bakalėja;https://offers.maxima.lt/media/MarketingOffer/656def7ca9a88.png; -41%;"
        Kvietiniai KAUNO GRŪDŲ miltai EKSTRA, 405 D, 1,75 kg
    ";"
             Iki 12.11
                ";0;1;35;"
                2,29
                €
            ";
167;167;Bakalėja;https://offers.maxima.lt/media/MarketingOffer/656def7befcb8.png;;"
        Miltų mišiniai CITY TASTE, 3 rūšių, 400 g
    ";"
             Iki 12.11
                ";0;1;15;;AČIŪ
168;168;Bakalėja;https://offers.maxima.lt/media/MarketingOffer/656def7bb587b.png; -33%;"
        GINTARINIAI makaronai, 3 rūšių, 400 g
    ";"
             Iki 12.11
                ";0;0;59;"
                0,89
                €
            ";
169;169;Bakalėja;https://offers.maxima.lt/media/MarketingOffer/656def7de6e53.png; -30%;"
        Makaronai BARILLA, 3 rūšių, 500 g
    ";"
             Iki 12.11
                ";0;1;49;"
                2,15
                €
            ";
170;170;Bakalėja;https://offers.maxima.lt/media/MarketingOffer/656def7e302c4.png; -40%;"
        Greitai paruošiamiems makaronams SUN YAN
    ";"
             Iki 12.11
                ";0;;;;
171;171;Bakalėja;https://offers.maxima.lt/media/MarketingOffer/656def743073e.png;2 vnt. už;"
        Greitai paruošiama sriuba KNORR, 7 rūšių, 2 pak. x 15–22 g
    ";"
             Iki 12.11
                ";0;0;99;;AČIŪ
172;172;Bakalėja;https://offers.maxima.lt/media/MarketingOffer/656def75a989c.png;;"
        Valgomoji akmens druska SALT HILL, 1 kg
    ";"
             Iki 12.11
                ";0;0;59;;AČIŪ
173;173;Bakalėja;https://offers.maxima.lt/media/MarketingOffer/656def766d321.png;;"
        Nerafinuotas cukranendrių cukrus DELIKA, 1 kg
    ";"
             Iki 12.11
                ";0;1;79;;AČIŪ
174;174;Bakalėja;https://offers.maxima.lt/media/MarketingOffer/656def736df38.png; -40%;"
        Pabarstukams DECO REPUBLIC
    ";"
             Iki 12.11
                        , nuo 
                
        ";2;;;;
175;175;Bakalėja;https://offers.maxima.lt/media/MarketingOffer/656def746f25d.png; -30%;"
        Aguonoms
    ";"
             Iki 12.11
                ";0;;;;
176;176;Bakalėja;https://offers.maxima.lt/media/MarketingOffer/656def73b31fd.png;;"
        Jūrų dumblių užkandis WELL DONE, 2 rūšių, 1 pak. (3 vnt. x 4 g)
    ";"
             Iki 12.11
                        , nuo 
                
        ";2;1;29;;AČIŪ
177;177;Bakalėja;https://offers.maxima.lt/media/MarketingOffer/656def762fb60.png;;"
        Saulėgrąžų aliejus WELL DONE, 1 l
    ";"
             Iki 12.11
                ";0;1;29;;AČIŪ
178;178;Bakalėja;https://offers.maxima.lt/media/MarketingOffer/656def756abdb.png; -22%;"
        Nefiltruotas ypač grynas alyvuogių aliejus BARBERA, 1 l
    ";"
             Iki 12.11
                ";0;15;49;"
                19,99
                €
            ";
179;179;Bakalėja;https://offers.maxima.lt/media/MarketingOffer/656def75ef043.png; -28%;"
        Moliūgų sėklų; graikinių riešutų aliejus ANIRA, 2 rūšių, 250–500 ml
    ";"
             Iki 12.11
                ";0;4;99;"
                6,99
                €
            ";
180;180;Bakalėja;https://offers.maxima.lt/media/MarketingOffer/656def74e8a38.png;;"
        Padažas HEINZ, 3 rūšių, 400–480 g
    ";"
             Iki 12.11
                ";0;3;45;;AČIŪ
181;181;Bakalėja;https://offers.maxima.lt/media/MarketingOffer/656def986bec2.png; -25%;"
        SUSLAVIČIAUS padažams ir kečupui
    ";"
             Iki 12.11
                ";0;;;;
182;182;Bakalėja;https://offers.maxima.lt/media/MarketingOffer/656def7aa9a97.png;;"
        Traškus užkandis PRINGLES, 3 rūšių, 165 g
    ";"
             Iki 12.11
                ";0;2;25;;AČIŪ
183;183;Bakalėja;https://offers.maxima.lt/media/MarketingOffer/656def792f407.png;;"
        Bulvių traškučiai ESTRELLA, 3 rūšių, 180 g
    ";"
             Iki 12.11
                ";0;2;25;;AČIŪ
184;184;Bakalėja;https://offers.maxima.lt/media/MarketingOffer/656def7aeb2bc.png;;"
        Bulvių traškučiai TAFFEL, 3 rūšių, 180 g
    ";"
             Iki 12.11
                ";0;1;99;;AČIŪ
185;185;Bakalėja;https://offers.maxima.lt/media/MarketingOffer/656def78b1cba.png;;"
        Bulvių traškučiai LAY’S, 3 rūšių, 120 g
    ";"
             Iki 12.11
                ";0;1;65;;AČIŪ
186;186;Bakalėja;https://offers.maxima.lt/media/MarketingOffer/656def7a2f410.png;;"
        Bulvių traškučiai ESTRELLA KETTLE COOKED, 3 rūšių, 120 g
    ";"
             Iki 12.11
                        , nuo 
                
        ";2;1;95;;AČIŪ
187;187;Bakalėja;https://offers.maxima.lt/media/MarketingOffer/656def7a6c62e.png;;"
        Žemės riešutai TAFFEL, 3 rūšių, 110–140 g
    ";"
             Iki 12.11
                        , nuo 
                
        ";2;1;79;;AČIŪ
188;188;Bakalėja;https://offers.maxima.lt/media/MarketingOffer/656def79e5cdb.png;2 vnt. už;"
        Žemės riešutai JĖGA, 7 rūšių, 2 pak. x 200 g
    ";"
             Iki 12.11
                ";0;2;39;;AČIŪ
189;189;Bakalėja;https://offers.maxima.lt/media/MarketingOffer/656def796e151.png; -50%;"
        Graikiniai riešutai SUNNY FRUTOWN, 300 g
    ";"
             Iki 12.11
                        , nuo 
                
        ";2;2;49;"
                4,99
                €
            ";
190;190;Bakalėja;https://offers.maxima.lt/media/MarketingOffer/656def79a9532.png;;"
        Skrudintos saulėgrąžos MOGYI, 2 rūšių, 300 g
    ";"
             Iki 12.11
                ";0;2;19;;AČIŪ
191;191;Bakalėja;https://offers.maxima.lt/media/MarketingOffer/656def68e7d35.png;;"
        Ryžių paplotėliai su druska WELL DONE, 130 g
    ";"
             Iki 12.11
                        , nuo 
                
        ";2;0;75;;AČIŪ
192;192;Bakalėja;https://offers.maxima.lt/media/MarketingOffer/656def6833f43.png;;"
        Sūrūs; ruginiai šaukšteliai OLD TOWN BAKERY, 2 rūšių, 200 g
    ";"
             Iki 12.11
                        , nuo 
                
        ";2;3;75;;AČIŪ
193;193;Bakalėja;https://offers.maxima.lt/media/MarketingOffer/656def68b377c.png;;"
        Pieniniai džiūvėsiai VILNIAUS DUONA, 250 g
    ";"
             Iki 12.11
                ";0;1;75;;AČIŪ
194;194;Konservuotas maistas;https://offers.maxima.lt/media/MarketingOffer/65708b4697d84.png; -25%;"
        KONSERVUOTOMS DARŽOVĖMS, VAISIAMS IR UOGIENĖMS
    ";"
             Šį savaitgalį
                ";0;;;;
195;195;Konservuotas maistas;https://offers.maxima.lt/media/MarketingOffer/656def98e7ad1.png; -30%;"
        Prekėms SPILVA
    ";"
             Iki 12.11
                ";0;;;;
196;196;Konservuotas maistas;https://offers.maxima.lt/media/MarketingOffer/656def97e7adc.png;;"
        Konservuoti RINKTINIAI žirneliai, 690 g
    ";"
             Iki 12.11
                ";0;1;39;;AČIŪ
197;197;Konservuotas maistas;https://offers.maxima.lt/media/MarketingOffer/656def9984899.png;;"
        Konservuoti pomidorai savo sultyse HELCOM, 2 rūšių, 400 g
    ";"
             Iki 12.11
                ";0;1;09;;AČIŪ
198;198;Konservuotas maistas;https://offers.maxima.lt/media/MarketingOffer/656def9bf07eb.png;;"
        Konservuotos pupelės WELL DONE, 3 rūšių, 400 g
    ";"
             Iki 12.11
                ";0;0;89;;AČIŪ
199;199;Konservuotas maistas;https://offers.maxima.lt/media/MarketingOffer/656def99e743f.png;;"
        Konservuoti kukurūzai BONDUELLE, 340 g
    ";"
             Iki 12.11
                ";0;1;35;;AČIŪ
200;200;Konservuotas maistas;https://offers.maxima.lt/media/MarketingOffer/656def9b0c629.png;;"
        Konservuoti ananasų griežinėliai; gabaliukai HAPPY GARDEN, 2 rūšių, 830–850 g
    ";"
             Iki 12.11
                        , nuo 
                
        ";2;2;19;;AČIŪ
201;201;Konservuotas maistas;https://offers.maxima.lt/media/MarketingOffer/656def9c6d142.png; -25%;"
        Tyrelės KUBUŠ ir TYMBARK
    ";"
             Iki 12.11
                        , nuo 
                
        ";2;;;;
202;202;Kava, kakava, arbata;https://offers.maxima.lt/media/MarketingOffer/656def9b6ee34.png;;"
        Malta kava LAVAZZA CLUB, 3 rūšių, 250 g
    ";"
             Iki 12.11
                ";0;3;85;;AČIŪ
203;203;Kava, kakava, arbata;https://offers.maxima.lt/media/MarketingOffer/656d756d44f99.png;2 vnt. už;"
        SU PROGRAMĖLE! Arbata LIPTON, 8 rūšių, 2 dėž. X 1 dėž. (20 pak.)
    ";"
             Iki 12.11
                ";0;3;99;;Tik Su Programele
204;204;Kava, kakava, arbata;https://offers.maxima.lt/media/MarketingOffer/656def9a73d8c.png;;"
        Malta kava PAULIG CLASSIC CREMOSO, 500 g
    ";"
             Iki 12.11
                ";0;4;19;;AČIŪ
205;205;Kava, kakava, arbata;https://offers.maxima.lt/media/MarketingOffer/656def7f3353a.png;;"
        Malta kava MERRILD IN CUP, 500 g
    ";"
             Iki 12.11
                ";0;4;29;;AČIŪ
206;206;Kava, kakava, arbata;https://offers.maxima.lt/media/MarketingOffer/656def7ee9788.png;;"
        Kavos pupelės PAULIG ARABICA, 2 rūšių, 1 kg
    ";"
             Iki 12.11
                ";0;10;99;;AČIŪ
207;207;Kava, kakava, arbata;https://offers.maxima.lt/media/MarketingOffer/656def7ea98f9.png;;"
        Kavos pupelės LAVAZZA, 2 rūšių, 1 kg
    ";"
             Iki 12.11
                ";0;13;99;;AČIŪ
208;208;Kava, kakava, arbata;https://offers.maxima.lt/media/MarketingOffer/656def7f6ef58.png;;"
        Kavos kapsulės LAVAZZA, 3 rūšių, 1 dėž. (16 vnt.)
    ";"
             Iki 12.11
                ";0;4;19;;AČIŪ
209;209;Kava, kakava, arbata;https://offers.maxima.lt/media/MarketingOffer/656def806c4ab.png;;"
        Tirpioji kava JACOBS CRONAT GOLD, 200 g
    ";"
             Iki 12.11
                ";0;6;99;;AČIŪ
210;210;Kava, kakava, arbata;https://offers.maxima.lt/media/MarketingOffer/656def80e7e97.png;;"
        Tirpiosios kavos gėrimas NESCAFÉ, 3 rūšių, 1 maiš. (10 pak.)
    ";"
             Iki 12.11
                ";0;1;59;;AČIŪ
211;211;Kava, kakava, arbata;https://offers.maxima.lt/media/MarketingOffer/656def7fe882a.png;;"
        Tirpiosios kavos gėrimas JACOBS ORIGINAL 3 IN 1, 1 pak. (20 vnt.)
    ";"
             Iki 12.11
                ";0;3;29;;AČIŪ
212;212;Kava, kakava, arbata;https://offers.maxima.lt/media/MarketingOffer/656def8130b0d.png;;"
        Juodoji arbata LIPTON YELLOW LABEL, 1 dėž. (25 vnt.)
    ";"
             Iki 12.11
                ";0;1;79;;AČIŪ
213;213;Kava, kakava, arbata;https://offers.maxima.lt/media/MarketingOffer/656def8033557.png;;"
        Arbata IMPRA ROYAL ELIXIR, 2 rūšių, 100 g
    ";"
             Iki 12.11
                ";0;2;15;;AČIŪ
214;214;Kava, kakava, arbata;https://offers.maxima.lt/media/MarketingOffer/656def80a964c.png;;"
        Arbatos koncentratas ŽOLYNĖLIS, 3 rūšių, 520 ml
    ";"
             Iki 12.11
                ";0;4;89;;AČIŪ
215;215;Gėrimai;https://offers.maxima.lt/media/MarketingOffer/656d756d9586f.png;1+1;"
        SU PROGRAMĖLE! Šalta arbata NESTEA su persikais, 2 but. x 1,5 l
    ";"
             Iki 12.11
                ";0;1;69;;Tik Su Programele
216;216;Gėrimai;https://offers.maxima.lt/media/MarketingOffer/656def6baacec.png; -50%;"
        Mineraliniam vandeniui TICHĖ
    ";"
             Iki 12.11
                ";0;;;;
217;217;Gėrimai;https://offers.maxima.lt/media/MarketingOffer/656def6aac38d.png;;"
        Lengvai gazuotas natūralus mineralinis vanduo AKVILĖ, 1,5 l
    ";"
             Iki 12.11
                ";0;0;39;;AČIŪ
218;218;Gėrimai;https://offers.maxima.lt/media/MarketingOffer/656def6c7925e.png;;"
        Natūralus mineralinis vanduo RASA, 3 rūšių, 1,5 l
    ";"
             Iki 12.11
                        , nuo 
                
        ";2;0;35;;AČIŪ
219;219;Gėrimai;https://offers.maxima.lt/media/MarketingOffer/656def6b32048.png;;"
        Įvairių vaisių sulčių gėrimas ELMENHORSTER su vitaminais, 1 l
    ";"
             Iki 12.11
                ";0;0;99;;AČIŪ
220;220;Gėrimai;https://offers.maxima.lt/media/MarketingOffer/656def6ce6e6f.png;;"
        Apelsinų sultys CIDO, 1 l
    ";"
             Iki 12.11
                ";0;1;39;;AČIŪ
221;221;Gėrimai;https://offers.maxima.lt/media/MarketingOffer/656def69aa88f.png;;"
        Raudonųjų greipfrutų nektaras TYMBARK, 1 l
    ";"
             Iki 12.11
                ";0;1;39;;AČIŪ
222;222;Gėrimai;https://offers.maxima.lt/media/MarketingOffer/656def6a6deb4.png;;"
        Gazuotas gėrimas RASA FRUT, 3 rūšių, 2 l
    ";"
             Iki 12.11
                ";0;0;99;;AČIŪ
223;223;Gėrimai;https://offers.maxima.lt/media/MarketingOffer/656def69ed6c9.png;;"
        Gazuotas gėrimas SPRITE; SPRITE ZERO; FANTA; FANTA ZERO, 4 rūšių, 1,5 l
    ";"
             Iki 12.11
                ";0;0;99;;AČIŪ
224;224;Gėrimai;https://offers.maxima.lt/media/MarketingOffer/656def6c0adb7.png;;"
        GUBERNIJOS duonos gira, 2 rūšių, 500 ml
    ";"
             Iki 12.11
                ";0;0;65;;AČIŪ
225;225;Gėrimai;https://offers.maxima.lt/media/MarketingOffer/656def6b6e37b.png;;"
        Energinis gėrimas RED BULL, 2 rūšių, 355 ml
    ";"
             Iki 12.11
                ";0;1;49;;AČIŪ
226;226;Gėrimai;https://offers.maxima.lt/media/MarketingOffer/656def78e9382.png; -20%;"
        Nealkoholinis gėrimas MARTINI VIBRANTE, 750 ml
    ";"
             Iki 12.11
                        , nuo 
                
        ";2;11;99;"
                14,99
                €
            ";
227;227;Kūdikių ir vaikų prekės;https://offers.maxima.lt/media/MarketingOffer/656def5f2eb36.png; -40%;"
        Sauskelnės-kelnaitės HUGGIES PANTS, 3 rūšių, 5; 6 dydžiai, 1 pak. (48; 44 vnt.)
    ";"
             Iki 12.11
                ";0;11;55;"
                19,29
                €
            ";
228;228;Kūdikių ir vaikų prekės;https://offers.maxima.lt/media/MarketingOffer/656def9f703e3.png; -30%;"
        Kūdikių košėms MILUPA
    ";"
             Iki 12.11
                ";0;;;;
229;229;Kūdikių ir vaikų prekės;https://offers.maxima.lt/media/MarketingOffer/656defa0e5016.png; -35%;"
        Perkant 2 ar daugiau kūdikių kosmetikos prekių BUBCHEN, taikoma 35 % nuolaida
    ";"
             Iki 12.11
                ";0;;;;AČIŪ
230;230;Prekės gyvūnams;https://offers.maxima.lt/media/MarketingOffer/65708b4797ed6.png; -30%;"
        GYVŪNŲ PREKĖMS
    ";"
             Šį savaitgalį
                ";0;;;;
231;231;Prekės gyvūnams;https://offers.maxima.lt/media/MarketingOffer/656def9d71541.png; -35%;"
        Perkant 2 ar daugiau šunų skanėstų PEDIGREE, taikoma 35 % nuolaida
    ";"
             Iki 12.11
                        , nuo 
                
        ";2;;;;AČIŪ
232;232;Prekės gyvūnams;https://offers.maxima.lt/media/MarketingOffer/656def9f32cb9.png; -35%;"
        Kačių ėdalui PERFECT FIT
    ";"
             Iki 12.11
                        , nuo 
                
        ";2;;;;
233;233;Prekės gyvūnams;https://offers.maxima.lt/media/MarketingOffer/656defa076390.png;1+1;"
        Konservuotas visavertis kačių ėdalas GOURMET GOLD, 13 rūšių, 2 pak. x 85 g
    ";"
             Iki 12.11
                ";0;0;99;;AČIŪ
234;234;Prekės gyvūnams;https://offers.maxima.lt/media/MarketingOffer/656def9ee54bb.png; -35%;"
        Gyvūnų ėdalui ARDOUR
    ";"
             Iki 12.11
                ";0;;;;
235;235;Prekės gyvūnams;https://offers.maxima.lt/media/MarketingOffer/656def9de7420.png; -35%;"
        Gyvūnų ėdalui CLUB 4 PAWS
    ";"
             Iki 12.11
                        , nuo 
                
        ";2;;;;
236;236;Kosmetika ir higiena;https://offers.maxima.lt/media/MarketingOffer/65708b472d834.png; -40%;"
        KOSMETIKAI IR BURNOS PRIEŽIŪROS PRIEMONĖMS
    ";"
             Šį savaitgalį
                ";0;;;;
237;237;Kosmetika ir higiena;https://offers.maxima.lt/media/MarketingOffer/656def696adc8.png;;"
        Higieniniai paketai BELLA PERFECTA ULTRA, 2 rūšių, 1 pak. (20 vnt.)
    ";"
             Iki 12.11
                        , nuo 
                
        ";2;2;79;;AČIŪ
238;238;Kosmetika ir higiena;https://offers.maxima.lt/media/MarketingOffer/656def67ebe97.png;;"
        Dantų pasta ECODENTA, 3 rūšių, 100 ml
    ";"
             Iki 12.11
                ";0;1;95;;AČIŪ
239;239;Kosmetika ir higiena;https://offers.maxima.lt/media/MarketingOffer/656def686f295.png;;"
        Dantų pasta COLGATE, 3 rūšių, 100 ml
    ";"
             Iki 12.11
                ";0;1;55;;AČIŪ
240;240;Kosmetika ir higiena;https://offers.maxima.lt/media/MarketingOffer/656def6d3298a.png;;"
        Micelinis vanduo NIVEA, 3 rūšių, 400 ml
    ";"
             Iki 12.11
                        , nuo 
                
        ";2;5;09;;AČIŪ
241;241;Kosmetika ir higiena;https://offers.maxima.lt/media/MarketingOffer/656def6d6f574.png;;"
        Maitinamasis veido kremas NIVEA CARE, 100 ml
    ";"
             Iki 12.11
                ";0;3;19;;AČIŪ
242;242;Kosmetika ir higiena;https://offers.maxima.lt/media/MarketingOffer/656def6daa399.png;;"
        Dušo želė PALMOLIVE, 3 rūšių, 500 ml
    ";"
             Iki 12.11
                ";0;3;29;;AČIŪ
243;243;Kosmetika ir higiena;https://offers.maxima.lt/media/MarketingOffer/656def6de7bb5.png;;"
        Plaukų šampūnas GLISS, 3 rūšių, 400 ml
    ";"
             Iki 12.11
                        , nuo 
                
        ";2;3;45;;AČIŪ
244;244;Kosmetika ir higiena;https://offers.maxima.lt/media/MarketingOffer/656def5b714d7.png;;"
        Plaukų šampūnas HERBAL ESSENCES, 3 rūšių, 380–400 ml
    ";"
             Iki 12.11
                        , nuo 
                
        ";2;5;15;;AČIŪ
245;245;Kosmetika ir higiena;https://offers.maxima.lt/media/MarketingOffer/656def5a6fb4c.png;;"
        Plaukų šampūnas; kondicionierius AUSSIE DEEP HYDRATION, 2 rūšių, 200–300 ml
    ";"
             Iki 12.11
                        , nuo 
                
        ";2;6;59;;AČIŪ
246;246;Kosmetika ir higiena;https://offers.maxima.lt/media/MarketingOffer/656def5c6e4c2.png;;"
        Plaukų dažai GLISS COLOR, 2 rūšių, 1 vnt.
    ";"
             Iki 12.11
                        , nuo 
                
        ";2;5;39;;AČIŪ
247;247;Kosmetika ir higiena;https://offers.maxima.lt/media/MarketingOffer/656def5c3629b.png;;"
        Plaukų vaškas; lakas TAFT, 3 rūšių, 75–250 ml
    ";"
             Iki 12.11
                ";0;3;19;;AČIŪ
248;248;Buitinė chemija;https://offers.maxima.lt/media/MarketingOffer/656def5baa8c1.png;1+1;"
        Skystasis skalbiklis WOOLITE, 4 rūšių, 2 pak. x 900 ml (15 skalb.)
    ";"
             Iki 12.11
                ";0;5;59;;AČIŪ
249;249;Buitinė chemija;https://offers.maxima.lt/media/MarketingOffer/656def5a2fc53.png;;"
        Skystasis audinių skalbiklis BALANCE, 2 rūšių, 1,5 l (25 skalb.)
    ";"
             Iki 12.11
                ";0;4;79;;AČIŪ
250;250;Buitinė chemija;https://offers.maxima.lt/media/MarketingOffer/656def5ae5ce8.png; -30%;"
        Skalbiamosios kapsulės; gelis; milteliai PERSIL COLOR, 3 rūšių, 1 pak. (22–38 skalb.)
    ";"
             Iki 12.11
                ";0;9;39;"
                13,49
                €
            ";
251;251;Buitinė chemija;https://offers.maxima.lt/media/MarketingOffer/656def5b2fe34.png;;"
        Skalbinių minkštiklis SILAN, 3 rūšių, 1 but. (48–76 skalb.)
    ";"
             Iki 12.11
                ";0;4;49;;AČIŪ
252;252;Buitinė chemija;https://offers.maxima.lt/media/MarketingOffer/656def5be5a8d.png; -41%;"
        Ekologiškas indų ploviklis FROSCH GREEN LEMON, 500 ml
    ";"
             Iki 12.11
                ";0;1;05;"
                1,79
                €
            ";
253;253;Buitinė chemija;https://offers.maxima.lt/media/MarketingOffer/656def5aaebdf.png;;"
        Indaplovių tabletės FINISH, 3 rūšių, 1 pak. (30–42 vnt.)
    ";"
             Iki 12.11
                        , nuo 
                
        ";2;11;19;;AČIŪ
254;254;Buitinė chemija;https://offers.maxima.lt/media/MarketingOffer/656def6eaa50d.png; -40%;"
        Buitinei chemijai CIF
    ";"
             Iki 12.11
                ";0;;;;
255;255;Buitinė chemija;https://offers.maxima.lt/media/MarketingOffer/656def6f3532a.png; -40%;"
        Purškiamasis oro gaiviklis AIRWICK PURE, 2 rūšių, 250 ml
    ";"
             Iki 12.11
                        , nuo 
                
        ";2;3;29;"
                5,49
                €
            ";
256;256;Buitinė chemija;https://offers.maxima.lt/media/MarketingOffer/656def6ee796a.png; -40%;"
        WC valiklis-gaiviklis BREF, 2 rūšių, 1 pak. (3 vnt. x 50 g)
    ";"
             Iki 12.11
                        , nuo 
                
        ";2;3;39;"
                5,69
                €
            ";
257;257;Buitinė chemija;https://offers.maxima.lt/media/MarketingOffer/656def776aaea.png; -50%;"
        Tualetinis popierius FAVORIT ORANGE, 3 sluoksnių, 1 pak. (16 rit.)
    ";"
             Iki 12.11
                ";0;2;79;"
                5,59
                €
            ";
258;258;Buitinė chemija;https://offers.maxima.lt/media/MarketingOffer/656def77aca8c.png; -50%;"
        Popieriniai rankšluosčiai FAVORIT JUMBO, 2 sluoksnių, 1 rit.
    ";"
             Iki 12.11
                ";0;1;49;"
                2,99
                €
            ";
259;259;Pramonės prekės;https://offers.maxima.lt/media/MarketingOffer/65708b47d5eea.png; -40%;"
        PATALYNEI, ANTKLODĖMS, PAGALVĖMS IR PLEDAMS
    ";"
             Šį savaitgalį
                        , nuo 
                
        ";2;;;;
260;260;Pramonės prekės;https://offers.maxima.lt/media/MarketingOffer/65708b4821d78.png; -40%;"
        VIRŠUTINIAMS DRABUŽIAMS, AVALYNEI IR ŠLEPETĖMS
    ";"
             Šį savaitgalį
                        , nuo 
                
        ";2;;;;
261;261;Pramonės prekės;https://offers.maxima.lt/media/MarketingOffer/656def77e7346.png; -50%;"
        DOVANŲ PAKAVIMO PRIEMONĖMS
    ";"
             Iki 12.11
                ";0;;;;
262;262;Pramonės prekės;https://offers.maxima.lt/media/MarketingOffer/656edd31a12b9.png; -50%;"
        KALĖDINĖMS DEKORACIJOMS, KALĖDINIAMS ŽAISLIUKAMS, GIRLIANDOMS
    ";"
             Iki 12.11
                ";0;;;;
263;263;Pramonės prekės;https://offers.maxima.lt/media/MarketingOffer/656ed04daa1c2.png; -50%;"
        KARNAVALO PREKĖMS
    ";"
             Iki 12.11
                ";0;;;;
264;264;Pramonės prekės;https://offers.maxima.lt/media/MarketingOffer/656def76efcfe.png;;"
        Kalėdinė kepurė, 2 spalvų, 28 cm x 40 cm, 1 vnt.
    ";"
             Iki 12.11
                ";0;1;19;;AČIŪ
265;265;Pramonės prekės;https://offers.maxima.lt/media/MarketingOffer/656def7831046.png;;"
        Folinė girlianda, 3 spalvų, 2 m x 5 cm, 1 vnt.
    ";"
             Iki 12.11
                ";0;0;69;;AČIŪ
266;266;Pramonės prekės;https://offers.maxima.lt/media/MarketingOffer/656def726c31f.png;;"
        Žvakė stikliniame indelyje, 2 dizainų, 1 vnt.
    ";"
             Iki 12.11
                ";0;1;95;;AČIŪ
267;267;Pramonės prekės;https://offers.maxima.lt/media/MarketingOffer/656def713a01c.png;;"
        Namų kvapas su lazdelėmis, 1 rink.
    ";"
             Iki 12.11
                ";0;2;69;;AČIŪ
268;268;Pramonės prekės;https://offers.maxima.lt/media/MarketingOffer/656def72a9e2a.png;;"
        Namų kvapo su lazdelėmis ir žvake rinkinys, 2 rūšių, 1 rink.
    ";"
             Iki 12.11
                ";0;5;39;;AČIŪ
269;269;Pramonės prekės;https://offers.maxima.lt/media/MarketingOffer/656ed04dda079.png; -40%;"
        ŽVAKĖMS, ŽVAKIDĖMS, NAMŲ KVAPAMS SU LAZDELĖMIS, STALO SERVETĖLĖMS
    ";"
             Iki 12.11
                ";0;;;;
270;270;Pramonės prekės;https://offers.maxima.lt/media/MarketingOffer/656def716e316.png; -40%;"
        KNYGOMS
    ";"
             Iki 12.11
                        , nuo 
                
        ";2;;;;
271;271;Pramonės prekės;https://offers.maxima.lt/media/MarketingOffer/656def71e4da7.png;;"
        Kočėlo ir kilimėlio rinkinys UNIWELL, 1 rink.
    ";"
             Iki 12.11
                ";0;8;99;;AČIŪ
272;272;Pramonės prekės;https://offers.maxima.lt/media/MarketingOffer/656def7072298.png;;"
        Sausainių formelių rinkinys, 1 rink.
    ";"
             Iki 12.11
                ";0;3;49;;AČIŪ
273;273;Pramonės prekės;https://offers.maxima.lt/media/MarketingOffer/656def732e0dd.png;;"
        Kūrybinis rinkinys GRAFIA PLUS, 1 rink. (84 vnt.)
    ";"
             Iki 12.11
                ";0;15;99;;AČIŪ
274;274;Pramonės prekės;https://offers.maxima.lt/media/MarketingOffer/656def83e93b1.png;;"
        Dėlionė CLEMENTONI, 1000 detalių, 1 rink.
    ";"
             Iki 12.11
                ";0;5;99;;AČIŪ
275;275;Pramonės prekės;https://offers.maxima.lt/media/MarketingOffer/656def8272997.png;;"
        Vaikiškas kalėdinis megztinis SEVEN LEMON, 2 dizainų, 122–140 cm, 1 vnt.
    ";"
             Iki 12.11
                        , nuo 
                
        ";2;8;99;;AČIŪ
276;276;Pramonės prekės;https://offers.maxima.lt/media/MarketingOffer/656def8370bbf.png;;"
        Kalėdinis megztinis SEVEN LEMON, 2 dizainų, S–XL dydžiai, 1 vnt.
    ";"
             Iki 12.11
                        , nuo 
                
        ";2;12;99;;AČIŪ
277;277;Pramonės prekės;https://offers.maxima.lt/media/MarketingOffer/656def82ea8d0.png; -40%;"
        Pėdkelnėms, puskojinėms ir kojinaitėms INCANTO ir GLAMOUR
    ";"
             Iki 12.11
                ";0;;;;
278;278;Pramonės prekės;https://offers.maxima.lt/media/MarketingOffer/656def832f637.png; -50%;"
        Pėdkelnėms, puskojinėms, kojinaitėms PIERRE CARDIN
    ";"
             Iki 12.11
                        , nuo 
                
        ";2;;;;
279;279;Pramonės prekės;https://offers.maxima.lt/media/MarketingOffer/656def846e3e2.png; -40%;"
        Apatiniam trikotažui PIERRE CARDIN
    ";"
             Iki 12.11
                        , nuo 
                
        ";2;;;;
280;280;Pramonės prekės;https://offers.maxima.lt/media/MarketingOffer/656def81e48b2.png;;"
        Satino patalynės komplektas ELDORADO HOME, 140 x 200 cm; 60 x 60 cm, 2 dizainų, 1 kompl.
    ";"
             Iki 12.11
                ";0;11;99;;AČIŪ
281;281;Pramonės prekės;https://offers.maxima.lt/media/MarketingOffer/656def83aa571.png;;"
        Satino paklodė su guma ELDORADO HOME, 160 x 200 +30 cm, 1 vnt.
    ";"
             Iki 12.11
                ";0;9;99;;AČIŪ
282;282;Pramonės prekės;https://offers.maxima.lt/media/MarketingOffer/656def8232357.png;;"
        Spurgyčių keptuvė HENSKE, 1 vnt.
    ";"
             Iki 12.11
                ";0;9;99;;AČIŪ
283;283;Pramonės prekės;https://offers.maxima.lt/media/MarketingOffer/656def8178674.png;;"
        Smulkintuvas su priedais HENSKE, 1 rink.
    ";"
             Iki 12.11
                ";0;24;99;;AČIŪ
284;284;Pramonės prekės;https://offers.maxima.lt/media/MarketingOffer/656def62704b9.png;;"
        Ketaus puodas UNIWELL, 4,6 l, 1 rink.
    ";"
             Iki 12.11
                        , nuo 
                
        ";2;29;99;;AČIŪ
285;285;Pramonės prekės;https://offers.maxima.lt/media/MarketingOffer/656def6370441.png;;"
        Pjaustymo lentelė ILAJA, 23 x 37 cm, 1 vnt.
    ";"
             Iki 12.11
                ";0;1;69;;AČIŪ
286;286;Pramonės prekės;https://offers.maxima.lt/media/MarketingOffer/656def62326cb.png;;"
        Silikoninė kanelių kepimo forma UNIWELL, 1 vnt.
    ";"
             Iki 12.11
                ";0;6;99;;AČIŪ
287;287;Pramonės prekės;https://offers.maxima.lt/media/MarketingOffer/656def61ac0aa.png;;"
        Kepimo popierius UNIWELL, 20 m x 38 cm, 1 vnt.
    ";"
             Iki 12.11
                ";0;1;69;;AČIŪ
288;288;Pramonės prekės;https://offers.maxima.lt/media/MarketingOffer/656def62a9ae2.png;;"
        Staltiesė ELDORADO HOME, 140 x 180 cm, 1 vnt.
    ";"
             Iki 12.11
                ";0;6;99;;AČIŪ
289;289;Pramonės prekės;https://offers.maxima.lt/media/MarketingOffer/656def612ecc4.png;;"
        Staltiesė ELDORADO HOME, 3 spalvų, 130 x 180 cm, 1 vnt.
    ";"
             Iki 12.11
                ";0;7;99;;AČIŪ
290;290;Pramonės prekės;https://offers.maxima.lt/media/MarketingOffer/656def61e8a41.png;;"
        Staltiesė ILAJA, 2 dizainų, 150 x 250 cm, 1 vnt.
    ";"
             Iki 12.11
                ";0;5;99;;AČIŪ
291;291;Pramonės prekės;https://offers.maxima.lt/media/MarketingOffer/656def8de95f9.png; -40%;"
        KEPTUVĖMS IR PUODAMS
    ";"
             Iki 12.11
                        , nuo 
                
        ";2;;;;
292;292;Pramonės prekės;https://offers.maxima.lt/media/MarketingOffer/656def8ff1337.png;;"
        Šakutė; šaukštas; valgomasis peilis; arbatinis šaukštelis UNIWELL, 1 vnt.
    ";"
             Iki 12.11
                        , nuo 
                
        ";2;0;99;;AČIŪ
293;293;Pramonės prekės;https://offers.maxima.lt/media/MarketingOffer/656def8d78720.png;;"
        Daugiafunkcė išorinė baterija WESTROM, 1 vnt.
    ";"
             Iki 12.11
                ";0;19;99;;AČIŪ
294;294;Pramonės prekės;https://offers.maxima.lt/media/MarketingOffer/656def8f6c480.png;;"
        Balta LED juosta HENSKE, 5 m, 1 vnt.
    ";"
             Iki 12.11
                ";0;7;99;;AČIŪ
295;295;Pramonės prekės;https://offers.maxima.lt/media/MarketingOffer/656def8e314b7.png;;"
        Projekcinis LED šviestuvas HENSKE, 1 vnt.
    ";"
             Iki 12.11
                ";0;16;99;;AČIŪ
296;296;Pramonės prekės;https://offers.maxima.lt/media/MarketingOffer/656def5ee9193.png;;"
        Elektrinis pėdų masažuoklis HENSKE, 1 vnt.
    ";"
             Iki 12.11
                ";0;48;99;;AČIŪ
297;297;Pramonės prekės;https://offers.maxima.lt/media/MarketingOffer/656def5d3144b.png;;"
        Laisvų rankų įranga KENNER, 1 vnt.
    ";"
             Iki 12.11
                ";0;17;99;;AČIŪ
298;298;Pramonės prekės;https://offers.maxima.lt/media/MarketingOffer/656def5feb662.png;;"
        Oro gaiviklis, 3 rūšių, 1 vnt.
    ";"
             Iki 12.11
                ";0;2;99;;AČIŪ
299;299;Pramonės prekės;https://offers.maxima.lt/media/MarketingOffer/656def5f6fcd4.png;;"
        Namų kvapas, 3 rūšių, 1 vnt.
    ";"
             Iki 12.11
                        , nuo 
                
        ";2;11;99;;AČIŪ
300;300;Pramonės prekės;https://offers.maxima.lt/media/MarketingOffer/656def5e6ff4a.png;;"
        Kilimėlis ELDORADO HOME, 2 spalvų, 60 x 90 cm, 1 vnt.
    ";"
             Iki 12.11
                        , nuo 
                
        ";2;6;99;;AČIŪ
301;301;Pramonės prekės;https://offers.maxima.lt/media/MarketingOffer/656def5dac433.png;;"
        Kilimėlis ELDORADO HOME, 60 x 90 cm, 1 vnt.
    ";"
             Iki 12.11
                        , nuo 
                
        ";2;9;99;;AČIŪ
302;302;Pramonės prekės;https://offers.maxima.lt/media/MarketingOffer/656def5d6d843.png;;"
        Elementai ENERGIZER, AA; AAA, 1,5 V, 1 kompl. (12 vnt.)
    ";"
             Iki 12.11
                ";0;6;99;;AČIŪ
303;303;Pramonės prekės;https://offers.maxima.lt/media/MarketingOffer/656def5e0b436.png;;"
        Ledą tirpdanti priemonė ROTZ, 500 ml, 1 bak.
    ";"
             Iki 12.11
                ";0;1;99;;AČIŪ
304;304;Pramonės prekės;https://offers.maxima.lt/media/MarketingOffer/656def5ce73ba.png;;"
        Kvepiantys šiukšlių maišai HOME EXPERT, 60 l, 1 pak. (10 vnt.)
    ";"
             Iki 12.11
                ";0;0;99;;AČIŪ
305;305;Pramonės prekės;https://offers.maxima.lt/media/MarketingOffer/656edd31d8454.png; -60%;"
        KALĖDINĖMS DIRBTINĖMS EGLUTĖMS
    ";"
             Iki 12.11
                ";0;;;;
306;306;Kalėdinės dekoracijos;https://offers.maxima.lt/media/MarketingOffer/656ecf21bbb54.png;;"
        Plastikinė Kalėdų eglutės viršūnė ELEMENTS SENSE, 1 vnt.
    ";"
             Iki 12.18
                ";0;1;23;;AČIŪ
307;307;Kalėdinės dekoracijos;https://offers.maxima.lt/media/MarketingOffer/656ecf21daa38.png;;"
        Kalėdų eglutės žaisliukų rinkinys ELEMENTS SENSE, 5 cm, 1 pak. (8 vnt.)
    ";"
             Iki 12.18
                ";0;1;09;;AČIŪ
308;308;Kalėdinės dekoracijos;https://offers.maxima.lt/media/MarketingOffer/656ecf21cac36.png;;"
        Stiklinis Kalėdų eglutės žaisliukas ELEMENTS SENSE, 1 vnt.
    ";"
             Iki 12.18
                ";0;1;69;;AČIŪ
309;309;Kalėdinės dekoracijos;https://offers.maxima.lt/media/MarketingOffer/656ecf216a7f3.png;;"
        Elektrinė girlianda ELEMENTS SENSE, su baterijomis, 20 LED, 1 vnt.
    ";"
             Iki 12.18
                ";0;1;31;;AČIŪ
310;310;Kalėdinės dekoracijos;https://offers.maxima.lt/media/MarketingOffer/656ecf218c163.png;;"
        Karoliukų girlianda ELEMENTS SENSE, 2 spalvų, 1 vnt.
    ";"
             Iki 12.18
                ";0;0;99;;AČIŪ
311;311;Kalėdinės dekoracijos;https://offers.maxima.lt/media/MarketingOffer/656ecf2208402.png;;"
        Kalėdų eglutės žaisliukų rinkinys ELEMENTS SENSE, 2 rūšių, 1 pak. (20 vnt.)
    ";"
             Iki 12.18
                ";0;1;69;;AČIŪ
312;312;Kalėdinės dekoracijos;https://offers.maxima.lt/media/MarketingOffer/656ecf219a83f.png;;"
        Stikliniai Kalėdų eglutės žaisliukai ELEMENTS SENSE, 1 pak. (6 vnt.)
    ";"
             Iki 12.18
                ";0;1;99;;AČIŪ
313;313;Kalėdinės dekoracijos;https://offers.maxima.lt/media/MarketingOffer/656ecf21aa3b2.png;;"
        Kalėdų eglutės žaisliukai, 4 vnt.
    ";"
             Iki 12.18
                ";0;1;59;;AČIŪ
314;314;Kalėdinės dekoracijos;https://offers.maxima.lt/media/MarketingOffer/656ecf217bb69.png;;"
        Kalėdų eglutės žaisliukų rinkinys, 2 spalvų, 24 vnt., 6 cm
    ";"
             Iki 12.18
                ";0;4;89;;AČIŪ
315;315;Kalėdinės dekoracijos;https://offers.maxima.lt/media/MarketingOffer/656ecf21eb5ec.png;;"
        Dovanų juostelė, 10 m
    ";"
             Iki 12.18
                ";0;0;16;;AČIŪ
316;316;Kalėdinės dekoracijos;https://offers.maxima.lt/media/MarketingOffer/656ecf2145729.png;;"
        Kaspinas, priklijuojamas, 7,5 cm
    ";"
             Iki 12.18
                ";0;0;39;;AČIŪ
317;317;Kalėdinės dekoracijos;https://offers.maxima.lt/media/MarketingOffer/656ecf20e391a.png;;"
        Kalėdinis dovanų maišelis, 30 x 42 x 12 cm
    ";"
             Iki 12.18
                        , nuo 
                
        ";2;0;89;;AČIŪ
318;318;Kalėdinės dekoracijos;https://offers.maxima.lt/media/MarketingOffer/656ecf2134aac.png;;"
        Dovanų pakavimo popierius, 200 cm x 70 cm
    ";"
             Iki 12.18
                ";0;0;55;;AČIŪ
319;319;Kalėdinės dekoracijos;https://offers.maxima.lt/media/MarketingOffer/656ecf21589c5.png;;"
        Elektrinė girlianda ELEMENTS SENSE, su baterijomis, 20 LED, 1 vnt.
    ";"
             Iki 12.18
                ";0;1;29;;AČIŪ
320;320;Augalai ir jų priežiūros prekės;https://offers.maxima.lt/media/MarketingOffer/656def54a9c3b.png;;"
        Alstremerijų puokštė, 1 puokštė – 7 vnt.
    ";"
             Iki 12.11
                ";0;3;89;;
321;321;Augalai ir jų priežiūros prekės;https://offers.maxima.lt/media/MarketingOffer/656def556bad3.png;;"
        Žydintis kaktusas ŠLUMBERGERA, 1 vaz.
    ";"
             Iki 12.11
                ";0;2;49;;
322;322;Augalai ir jų priežiūros prekės;https://offers.maxima.lt/media/MarketingOffer/656def546f520.png;;"
        Kalėdinė kompozicija, 2 rūšių, 1 vaz.
    ";"
             Iki 12.11
                ";0;1;99;;
