;Category;Image_link;Discount_icon_text;Item_name;Item_discount_time;Discount_shop_size;Item_price_euro;Item_price_cents;Item_price_before;Discount_facilitator
0;Vaisiai ir daržovės;https://offers.maxima.lt/media/MarketingOffer/65e5ec809bb42.png;;Raudonosios besėklės vynuogės, fasuotos, 500 g;Iki 03.11;0;1;79;;
1;Vaisiai ir daržovės;https://offers.maxima.lt/media/MarketingOffer/65e5ec817f009.png;;Gūžinės salotos ICEBERG, 1 vnt.;Iki 03.11;0;0;89;;
2;Vaisiai ir daržovės;https://offers.maxima.lt/media/MarketingOffer/65e5ec816db6c.png;;Smulkiavaisiai slyviniai pomidorai, fasuoti, 250 g;Iki 03.11;0;0;79;;
3;Vaisiai ir daržovės;https://offers.maxima.lt/media/MarketingOffer/65e5ec81bac18.png;;Citrinos, 1 kg;Iki 03.11;0;0;99;;
4;Vaisiai ir daržovės;https://offers.maxima.lt/media/MarketingOffer/65e5ec81a7977.png;;Apelsinai, 1 kg;Iki 03.11;0;0;89;;
5;Vaisiai ir daržovės;https://offers.maxima.lt/media/MarketingOffer/65e5ec81cd9fa.png;;Raudonieji apelsinai, fasuoti, 1 kg;Iki 03.11;0;1;59;;
6;Vaisiai ir daržovės;https://offers.maxima.lt/media/MarketingOffer/65e5ec8193aed.png;;Dideli raudonieji greipfrutai, 1 kg;Iki 03.11;0;1;39;;
7;Vaisiai ir daržovės;https://offers.maxima.lt/media/MarketingOffer/65e5ec81e1cbd.png;;Mangas, 1 vnt.;Iki 03.11;0;1;79;;
8;Vaisiai ir daržovės;https://offers.maxima.lt/media/MarketingOffer/65e5ec9810946.png;;Obuoliai JONAGOLD, 1 kg;Iki 03.11;0;0;65;;
9;Vaisiai ir daržovės;https://offers.maxima.lt/media/MarketingOffer/65e5ec97b2ccd.png;;Didžiosios kriaušės CONFERENCE, 1 kg;Iki 03.11;0;1;79;;
10;Vaisiai ir daržovės;https://offers.maxima.lt/media/MarketingOffer/65e5ec98dc5ab.png;;Avokadas, 1 vnt.;Iki 03.11;0;0;69;;
11;Vaisiai ir daržovės;https://offers.maxima.lt/media/MarketingOffer/65e5ec926811e.png;;Žalioji cukinija, 1 vnt.;Iki 03.11;0;0;79;;
12;Vaisiai ir daržovės;https://offers.maxima.lt/media/MarketingOffer/65e5ec9341287.png;;Ilgavaisis agurkas, 1 vnt.;Iki 03.11;0;0;89;;
13;Vaisiai ir daržovės;https://offers.maxima.lt/media/MarketingOffer/65e5ec9297a0c.png;;Avietiniai pomidorai, 1 kg;Iki 03.11;0;2;13;;
14;Vaisiai ir daržovės;https://offers.maxima.lt/media/MarketingOffer/65e5ec92be70a.png;;Sviestiniai moliūgai, 1 kg;Iki 03.11;0;1;69;;
15;Vaisiai ir daržovės;https://offers.maxima.lt/media/MarketingOffer/65e5ec93179d1.png;;Brokolis, 1 vnt.;Iki 03.11;0;0;99;;
16;Vaisiai ir daržovės;https://offers.maxima.lt/media/MarketingOffer/65e5ec9388b6a.png;;Švieži baltagūžiai kopūstai, 1 kg;Iki 03.11;0;1;59;;
17;Vaisiai ir daržovės;https://offers.maxima.lt/media/MarketingOffer/65e62bc6a4f84.png;-35%;Pasifloros, fasuotos, 120 g;Iki 04.01;2;1;29;1,99;
18;Vaisiai ir daržovės;https://offers.maxima.lt/media/MarketingOffer/65e62bc69367e.png;-36%;Raudonasis kertuotis, 1 vnt.;Iki 04.01;2;3;79;5,99;
19;Vaisiai ir daržovės;https://offers.maxima.lt/media/MarketingOffer/65e62bc73e835.png;-25%;Didelė papaja, 1 kg;Iki 04.01;2;4;49;5,99;
20;Vaisiai ir daržovės;https://offers.maxima.lt/media/MarketingOffer/65e62bc6ecf6a.png;-33%;Kininis bastutis PAK CHOI, 300 g;Iki 04.01;2;1;99;2,99;
21;Vaisiai ir daržovės;https://offers.maxima.lt/media/MarketingOffer/65e62bc710078.png;-20%;Korėjietiškos morkos, 400 g;Iki 04.01;0;1;59;1,99;
22;Vaisiai ir daržovės;https://offers.maxima.lt/media/MarketingOffer/65e62bc6db0f1.png;-37%;Marinuotos jūrų dumblių salotos GOMA WAKAME su sezamais, 1 kg;Iki 04.01;2;9;99;15,99;
23;Mėsa ir mėsos gaminiai;https://offers.maxima.lt/media/MarketingOffer/65e565b93e2d9.png;2 vnt. už;Virtos vištienos dešrainių dešrelės HOT-DOG, 2 pak. x 800-910 g, 2 rūšių;Iki 03.11;0;4;19;;Tik Su Programele
24;Mėsa ir mėsos gaminiai;https://offers.maxima.lt/media/MarketingOffer/65e5eda92524c.png;;Sausai marinuotas BIOVELOS kiaulienos sprandinės šašlykas, 800 g;Iki 04.01;0;5;99;;AČIŪ
25;Mėsa ir mėsos gaminiai;https://offers.maxima.lt/media/MarketingOffer/65e5eda9a8b92.png;;Marinuotas VILNIAUS PAUKŠTYNO viščiukas PREMIUM, 3 rūšių, 1 kg;Iki 04.01;0;3;99;;AČIŪ
26;Mėsa ir mėsos gaminiai;https://offers.maxima.lt/media/MarketingOffer/65e5edaa106ba.png;;Šaltai rūkyta kiaulienos šoninė BIOVELA, a. r., 140 g;Iki 04.01;0;1;79;;AČIŪ
27;Mėsa ir mėsos gaminiai;https://offers.maxima.lt/media/MarketingOffer/65e5eda996bdf.png;;Pjaustyta vytinta mentė ESPANA PALETA CURADA, a. r., 80 g;Iki 04.01;0;1;99;;AČIŪ
28;Mėsa ir mėsos gaminiai;https://offers.maxima.lt/media/MarketingOffer/65e5eda9e250a.png;;Karštai rūkytos dešrelės TARCZYNSKI KABANOSI, 3 rūšių, II r., 105 g;Iki 04.01;0;1;49;;AČIŪ
29;Mėsa ir mėsos gaminiai;https://offers.maxima.lt/media/MarketingOffer/65e5ec9bc3821.png;-50%;Šviežios viščiukų broilerių šlaunelės WELL DONE, 500 g;Iki 03.11;0;0;99;1,99;
30;Mėsa ir mėsos gaminiai;https://offers.maxima.lt/media/MarketingOffer/65e5ec9c214e0.png;-20%;Švieži kalakutų krūtinėlių pjausniai WELL DONE, 400 g;Iki 03.11;0;3;19;3,99;
31;Mėsa ir mėsos gaminiai;https://offers.maxima.lt/media/MarketingOffer/65e5ec9b168d1.png;-40%;Sausai brandinta jautienos nugarinė BIOVELA, 220 g;Iki 03.11;2;5;69;9,49;
32;Mėsa ir mėsos gaminiai;https://offers.maxima.lt/media/MarketingOffer/65e5ec85ab32e.png;-23%;Atšaldyta kiaulienos mentė be kaulo ir odos, vakuumuota, 1 kg;Iki 03.11;0;3;49;4,59;
33;Mėsa ir mėsos gaminiai;https://offers.maxima.lt/media/MarketingOffer/65e5ec85d914d.png;-16%;Šviežias kalakutienos faršas ARVI, rieb. % mažesnis negu 12, 400 g;Iki 03.11;0;2;49;2,99;
34;Mėsa ir mėsos gaminiai;https://offers.maxima.lt/media/MarketingOffer/65e5ec8635a5d.png;-15%;Atšaldyta pjaustyta jautiena guliašui ruošti WELL DONE, 400 g;Iki 03.11;0;3;39;3,99;
35;Mėsa ir mėsos gaminiai;https://offers.maxima.lt/media/MarketingOffer/65e5ec8601b1f.png;;Šviežia KREKENAVOS kiaulienos karka, vakuumuota, 1 kg;Iki 03.11;0;2;19;;AČIŪ
36;Mėsa ir mėsos gaminiai;https://offers.maxima.lt/media/MarketingOffer/65e5ec8594386.png;-20%;Šviežia viščiukų broilerių vidinė filė VILNIAUS PAUKŠTYNAS, 400 g;Iki 03.11;0;3;99;4,99;
37;Mėsa ir mėsos gaminiai;https://offers.maxima.lt/media/MarketingOffer/65e5ec861b202.png;-20%;Šviežios viščiukų broilerių blauzdelės VILNIAUS PAUKŠTYNAS, 500 g;Iki 03.11;0;2;29;2,89;
38;Mėsa ir mėsos gaminiai;https://offers.maxima.lt/media/MarketingOffer/65e5ec8678524.png;-20%;Šviežios VILNIAUS PAUKŠTYNO vištienos dešrelės, 3 rūšių, 400 g;Iki 03.11;0;2;79;3,49;
39;Mėsa ir mėsos gaminiai;https://offers.maxima.lt/media/MarketingOffer/65e5ec869bd74.png;-16%;Vištienos iešmeliai FIESTA su marinatu, 2 rūšių, 480 g;Iki 03.11;0;4;99;5,99;
40;Mėsa ir mėsos gaminiai;https://offers.maxima.lt/media/MarketingOffer/65e5ec85c1ec6.png;-37%;Lėtai virtas viščiukas broileris WELL DONE, 1 kg;Iki 03.11;0;4;99;7,99;
41;Mėsa ir mėsos gaminiai;https://offers.maxima.lt/media/MarketingOffer/65e5ec8654914.png;-35%;Lėtai virta marinuota plėšoma jautiena BIOVELA, 700 g;Iki 03.11;0;8;99;13,99;
42;Mėsa ir mėsos gaminiai;https://offers.maxima.lt/media/MarketingOffer/65e5ec835f510.png;-50%;UTENOS MĖSOS GIMINIŲ linijai;Iki 03.11;0;;;;
43;Mėsa ir mėsos gaminiai;https://offers.maxima.lt/media/MarketingOffer/65e5ec837333a.png;-50%;Virtos ROKIŠKIO MĖSINĖS LIETUVIŠKOS sardelės, a. r., 1 kg;Iki 03.11;0;2;99;5,99;
44;Mėsa ir mėsos gaminiai;https://offers.maxima.lt/media/MarketingOffer/65e5ec8388b35.png;1+1;"Virta KREKENAVOS EKSTRA; DAKTARIŠKA dešra, 2 rūšių, a. r., 2 pak. × 320 g";Iki 03.11;0;2;99;;
45;Mėsa ir mėsos gaminiai;https://offers.maxima.lt/media/MarketingOffer/65e5ec91e1d74.png;2 vnt. už;Karštai rūkytas SAMSONO servelatas, a. r., 2 pak. × 220 g;Iki 03.11;0;3;99;;
46;Mėsa ir mėsos gaminiai;https://offers.maxima.lt/media/MarketingOffer/65e5ec90d3e79.png;-30%;Karštai rūkytiems ir keptiems NEMATEKO mėsos gaminiams;Iki 03.11;2;;;;
47;Mėsa ir mėsos gaminiai;https://offers.maxima.lt/media/MarketingOffer/65e5ec910320c.png;-30%;Pjaustytiems mėsos gaminiams WELL DONE;Iki 03.11;0;;;;
48;Mėsa ir mėsos gaminiai;https://offers.maxima.lt/media/MarketingOffer/65e5ec9211a8e.png;-26%;ROKIŠKIO MĖSINĖS vytintos dešrelės PRIE ALUČIO, a. r., 170 g;Iki 03.11;0;2;99;4,09;
49;Mėsa ir mėsos gaminiai;https://offers.maxima.lt/media/MarketingOffer/65e5ec91ba3d6.png;-40%;Vytinta JUBILIEJAUS dešra BIOVELA, a. r., 200 g;Iki 03.11;0;3;89;6,59;
50;Mėsa ir mėsos gaminiai;https://offers.maxima.lt/media/MarketingOffer/65e5ec90a38c7.png;;Vytinta dešra FUET CASERO su pelėsiu, I r., 170 g;Iki 03.11;0;1;79;;AČIŪ
51;Mėsa ir mėsos gaminiai;https://offers.maxima.lt/media/MarketingOffer/65e5ec916dca9.png;-30%;SAMSONO KLEBONIŠKOS linijos vytintoms ir šaltai rūkytoms dešroms, dešrelėms;Iki 03.11;0;;;;
52;Mėsa ir mėsos gaminiai;https://offers.maxima.lt/media/MarketingOffer/65e5ec9126ebe.png;-30%;ARVI KALAKUTŲ mėsos gaminiams;Iki 03.11;2;;;;
53;Mėsa ir mėsos gaminiai;https://offers.maxima.lt/media/MarketingOffer/65e5ec9192eb9.png;-30%;KREKENAVOS BAJORŲ linijos mėsos gaminiams;Iki 03.11;0;;;;
54;Pieno gaminiai ir kiaušiniai;https://offers.maxima.lt/media/MarketingOffer/65e565b9bece7.png;2 vnt. už;Batonėlis su pieno ir lazdynų riešutų įdaru KINDER-CHOCO FRESH, 2 pak. X 41 g;Iki 03.11;0;2;29;;Tik Su Programele
55;Pieno gaminiai ir kiaušiniai;https://offers.maxima.lt/media/MarketingOffer/65e5eda9ce42f.png;;Laisvai laikomų vištų kiaušiniai WELL DONE, 1 dėž. (10 vnt.);Iki 04.01;0;1;99;;AČIŪ
56;Pieno gaminiai ir kiaušiniai;https://offers.maxima.lt/media/MarketingOffer/65e5eda9bb9aa.png;;Maskarponės sūris GRANAROLO, 86 % rieb. s. m., 500 g;Iki 04.01;0;2;99;;AČIŪ
57;Pieno gaminiai ir kiaušiniai;https://offers.maxima.lt/media/MarketingOffer/65e5edaaa9cf1.png;;Saldintas sutirštintas pienas LIETUVAITĖ, 8 % rieb., 1 kg;Iki 04.01;0;2;99;;AČIŪ
58;Pieno gaminiai ir kiaušiniai;https://offers.maxima.lt/media/MarketingOffer/65e5ec7f0b8fe.png;-33%;Šviežia burata GRANAROLO, 50 % rieb. s. m., 260 g;Iki 03.11;0;1;99;2,99;
59;Pieno gaminiai ir kiaušiniai;https://offers.maxima.lt/media/MarketingOffer/65e5ec7f3e9c1.png;3 vnt. už;Glaistytas varškės sūrelis NYKŠTUKAS, 9 rūšių, 21–25,7 % rieb., 3 pak. × 45 g;Iki 03.11;0;0;99;;
60;Pieno gaminiai ir kiaušiniai;https://offers.maxima.lt/media/MarketingOffer/65e5ec7f1ce93.png;-44%;Sviestas SAULĖS PIEVOS, 82 % rieb., 200 g;Iki 03.11;0;1;39;2,49;
61;Pieno gaminiai ir kiaušiniai;https://offers.maxima.lt/media/MarketingOffer/65e5ec7f2daaa.png;-31%;Ant kraiko laikomų vištų kiaušiniai WELL DONE, rudi, 1 dėž. (10 vnt.);Iki 03.11;0;1;49;2,19;
62;Pieno gaminiai ir kiaušiniai;https://offers.maxima.lt/media/MarketingOffer/65e5ec7eef8ea.png;-27%;Pusriebė varškė WELL DONE, 9 % rieb., 1 kg;Iki 03.11;0;3;99;5,49;
63;Pieno gaminiai ir kiaušiniai;https://offers.maxima.lt/media/MarketingOffer/65e5ec8b04374.png;-20%;Augalinis gėrimas VALSOIA, 3 rūšių, 1 l;Iki 03.11;2;2;29;2,89;
64;Pieno gaminiai ir kiaušiniai;https://offers.maxima.lt/media/MarketingOffer/65e5ec8ad92f3.png;;ROKIŠKIO NAMINIS pienas, 2,5 % rieb., 1 l;Iki 03.11;0;1;19;;AČIŪ
65;Pieno gaminiai ir kiaušiniai;https://offers.maxima.lt/media/MarketingOffer/65e5ec8b9c132.png;-33%;UAT pienas WELL DONE, 3,5 % rieb., 1 l;Iki 03.11;0;0;99;1,49;
66;Pieno gaminiai ir kiaušiniai;https://offers.maxima.lt/media/MarketingOffer/65e5ec8b55a6d.png;;VILKYŠKIŲ kefyras, 2,5 % rieb., 1 kg;Iki 03.11;0;1;49;;AČIŪ
67;Pieno gaminiai ir kiaušiniai;https://offers.maxima.lt/media/MarketingOffer/65e5ec8c003c9.png;;Natūrali grietinė ŽALOJI KARVUTĖ, 30 % rieb., 400 g;Iki 03.11;0;1;79;;AČIŪ
68;Pieno gaminiai ir kiaušiniai;https://offers.maxima.lt/media/MarketingOffer/65e5ec8903af6.png;;Pusriebė ROKIŠKIO NAMINĖ varškė, 9 % rieb., 180 g;Iki 03.11;0;1;09;;AČIŪ
69;Pieno gaminiai ir kiaušiniai;https://offers.maxima.lt/media/MarketingOffer/65e5ec893f214.png;-21%;Lydytas kremas PANEMUNĖS PIEVOS, 3 rūšių, 22 % rieb., 185 g;Iki 03.11;0;1;79;2,29;
70;Pieno gaminiai ir kiaušiniai;https://offers.maxima.lt/media/MarketingOffer/65e5ec88a33b1.png;-20%;Lydytas tepamasis sūris HOCHLAND, 3 rūšių, 18–45 % rieb. s. m., 140 g;Iki 03.11;0;1;59;1,99;
71;Pieno gaminiai ir kiaušiniai;https://offers.maxima.lt/media/MarketingOffer/65e5ec8886f42.png;;Lydytas rūkytas RAMBYNO sūrio produktas, 2 rūšių, 45 % rieb. s. m., 250 g;Iki 03.11;0;1;59;;AČIŪ
72;Pieno gaminiai ir kiaušiniai;https://offers.maxima.lt/media/MarketingOffer/65e5ec8921c6d.png;;Sūris GERMANTAS GOUDA, 45 % rieb. s. m., 200 g;Iki 03.11;0;1;99;;AČIŪ
73;Pieno gaminiai ir kiaušiniai;https://offers.maxima.lt/media/MarketingOffer/65e5ec886b0c8.png;;Puskietis fermentinis DVARO sūris riekelėmis, 50 % rieb. s. m., 150 g;Iki 03.11;0;1;79;;AČIŪ
74;Pieno gaminiai ir kiaušiniai;https://offers.maxima.lt/media/MarketingOffer/65e5ec88311f9.png;;PIRMAS LIETUVIŠKAS majonezas VILNIUS, 35 % rieb., 900 ml;Iki 03.11;0;2;99;;AČIŪ
75;Pieno gaminiai ir kiaušiniai;https://offers.maxima.lt/media/MarketingOffer/65e5ec88de455.png;-23%;Kietasis sūris WELL DONE, 37 % rieb. s. m., brandintas 12 mėn., 180 g;Iki 03.11;0;1;99;2,59;
76;Pieno gaminiai ir kiaušiniai;https://offers.maxima.lt/media/MarketingOffer/65e5ec9552ece.png;2 vnt. už;Čederio gabaliukai JON-CHEDAR, 3 rūšių, 50 % rieb. s. m., 2 pak. × 80 g;Iki 03.11;0;1;99;;
77;Pieno gaminiai ir kiaušiniai;https://offers.maxima.lt/media/MarketingOffer/65e5ec94d04ca.png;-23%;Kreminis sūris CASTELLO, 2 rūšių, 24–27 % rieb. s. m., 125 g;Iki 03.11;2;2;29;2,99;
78;Pieno gaminiai ir kiaušiniai;https://offers.maxima.lt/media/MarketingOffer/65e5ec94a8811.png;2 vnt. už;Varškė ALMA kruopelėmis, 5 rūšių, 5 % rieb., 2 ind. × 200 g;Iki 03.11;2;1;99;;
79;Pieno gaminiai ir kiaušiniai;https://offers.maxima.lt/media/MarketingOffer/65e5ec945bb7f.png;;Ekologiškas jogurtas BIOS be laktozės, 3,8 % rieb., 370 g;Iki 03.11;0;1;79;;AČIŪ
80;Pieno gaminiai ir kiaušiniai;https://offers.maxima.lt/media/MarketingOffer/65e5ec947fe6c.png;2 vnt. už;Jogurtas ACTIFEEL, 5 rūšių, 0,2–3 % rieb., 2 pak. × 300 g;Iki 03.11;2;1;99;;
81;Pieno gaminiai ir kiaušiniai;https://offers.maxima.lt/media/MarketingOffer/65e5ec9502860.png;;Rauginto pieno gėrimas RIAŽENKA su bifidobakterijomis, 3,2 % rieb., 500 g;Iki 03.11;0;1;29;;AČIŪ
82;Pieno gaminiai ir kiaušiniai;https://offers.maxima.lt/media/MarketingOffer/65e5ec952ac26.png;;Geriamasis VILKYŠKIŲ jogurtas, 3 rūšių, 2 % rieb., 750 g;Iki 03.11;0;1;49;;AČIŪ
83;Pieno gaminiai ir kiaušiniai;https://offers.maxima.lt/media/MarketingOffer/65e5ec957878c.png;2 vnt. už;Pieno gėrimas MIAU, 6 rūšių, 2,3 % rieb., 2 but. × 450 ml;Iki 03.11;0;2;59;;
84;Pieno gaminiai ir kiaušiniai;https://offers.maxima.lt/media/MarketingOffer/65e5ec9410ef5.png;-20%;Fermentuotas jogurto gėrimas ACTIMEL, 3 rūšių, 1,5 % rieb., 1 pak. (8 but. × 100 g);Iki 03.11;0;3;59;4,49;
85;Pieno gaminiai ir kiaušiniai;https://offers.maxima.lt/media/MarketingOffer/65e5ec943625f.png;3 vnt. už;Glaistytas desertas MILIKO, 3 rūšių, 23 % rieb., 3 pak. × 35 g;Iki 03.11;0;0;49;;
86;Pieno gaminiai ir kiaušiniai;https://offers.maxima.lt/media/MarketingOffer/65e5ec99970dc.png;-23%;Žirnių dešrelės WELL WELL, 200 g;Iki 03.11;0;2;29;2,99;
87;Žuvis ir žuvies produktai;https://offers.maxima.lt/media/MarketingOffer/65e5eda9700cd.png;;Sūdyta silkių filė WELL DONE aliejuje, 2 rūšių, 450 g;Iki 04.01;0;1;79;;AČIŪ
88;Žuvis ir žuvies produktai;https://offers.maxima.lt/media/MarketingOffer/65e5eda9841d0.png;;Raudonųjų lašišų ikrai ALASKA SEAFOOD, 95 g;Iki 04.01;0;4;99;;AČIŪ
89;Žuvis ir žuvies produktai;https://offers.maxima.lt/media/MarketingOffer/65e5ec825d531.png;-31%;Atšildyti mažieji paprastieji aštuonkojai, 1 kg;Iki 03.11;3;12;99;18,99;
90;Žuvis ir žuvies produktai;https://offers.maxima.lt/media/MarketingOffer/65e5ec824883b.png;-55%;Švieži, skrosti vaivorykštiniai upėtakiai, 1 kg;Iki 03.11;0;3;99;8,99;
91;Žuvis ir žuvies produktai;https://offers.maxima.lt/media/MarketingOffer/65e5ec7e5d277.png;-25%;Atšildyta atlantinių menkių filė su oda, 1 kg;Iki 03.11;2;11;99;15,99;
92;Žuvis ir žuvies produktai;https://offers.maxima.lt/media/MarketingOffer/65e5ec7e1d200.png;-25%;Švieži karpių pjausniai, 1 kg;Iki 03.11;2;8;99;11,99;
93;Žuvis ir žuvies produktai;https://offers.maxima.lt/media/MarketingOffer/65e5ec7e3172c.png;-35%;Atšildytos virtos baltakojės blyškiosios krevetės, 1 kg;Iki 03.11;0;8;99;13,99;
94;Žuvis ir žuvies produktai;https://offers.maxima.lt/media/MarketingOffer/65e5ec7e4771a.png;-36%;Silkių filė ZIGMAS MATES, 2 rūšių, 190–240 g;Iki 03.11;0;1;59;2,49;
95;Žuvis ir žuvies produktai;https://offers.maxima.lt/media/MarketingOffer/65e5ec7e0bc49.png;-20%;SKANDINAVIŠKA silkių filė EDEGA, 500 g;Iki 03.11;0;2;79;3,49;
96;Žuvis ir žuvies produktai;https://offers.maxima.lt/media/MarketingOffer/65e5ec7dbc216.png;-18%;Sūdyta silkių filė OCEAN, 2 rūšių, 200 g;Iki 03.11;0;0;89;1,09;
97;Žuvis ir žuvies produktai;https://offers.maxima.lt/media/MarketingOffer/65e5ec7eafb5c.png;-16%;"Sūdyta; šaltai rūkyta atlantinių lašišų filė OCEAN, 2 rūšių, 100 g";Iki 03.11;0;2;49;2,99;
98;Žuvis ir žuvies produktai;https://offers.maxima.lt/media/MarketingOffer/65e5ec7e9e74e.png;-50%;Raudonieji lašišinių žuvų ikrai ALASKA GOLD, 140 g;Iki 03.11;2;8;99;17,99;
99;Žuvis ir žuvies produktai;https://offers.maxima.lt/media/MarketingOffer/65e5ec7ec1b61.png;-24%;Lašišų filė KAIJA, 3 rūšių, 170 g;Iki 03.11;2;1;65;2,19;
100;Žuvis ir žuvies produktai;https://offers.maxima.lt/media/MarketingOffer/65e5ec7e85d06.png;-30%;Nesmulkinti dryžieji tunai FISH PORT, 3 rūšių, 240 g;Iki 03.11;0;2;29;3,29;
101;Žuvis ir žuvies produktai;https://offers.maxima.lt/media/MarketingOffer/65e5ec7edc65a.png;-21%;Keptos menkės DESĖ aliejuje, 2 rūšių, 350 g;Iki 03.11;0;2;59;3,29;
102;Žuvis ir žuvies produktai;https://offers.maxima.lt/media/MarketingOffer/65e5ec7f83f1b.png;-25%;Paštetams ARGETA;Iki 03.11;0;;;;
103;Kulinarija;https://offers.maxima.lt/media/MarketingOffer/65e5ec8132c28.png;-10%;NICOS salotos, fasuotos, 240 g;Iki 03.11;0;1;75;1,95;
104;Kulinarija;https://offers.maxima.lt/media/MarketingOffer/65e5ec81496f5.png;-12%;Lietuviška mišrainė, fasuota, 300 g;Iki 03.11;0;1;45;1,65;
105;Kulinarija;https://offers.maxima.lt/media/MarketingOffer/65e5ec9b99c88.png;-12%;Sluoksniuota mišrainė su silke, 1 kg;Iki 03.11;0;6;95;7,95;
106;Kulinarija;https://offers.maxima.lt/media/MarketingOffer/65e5ec9c4b98f.png;-16%;Šavarma su vištiena ir ryžiais, fasuota, 370 g;Iki 03.11;2;2;45;2,95;
107;Kulinarija;https://offers.maxima.lt/media/MarketingOffer/65e5ec9becb70.png;-10%;Kepta vištiena džiūvesėliuose su ryžiais, fasuota, 270 g;Iki 03.11;0;2;65;2,95;
108;Kulinarija;https://offers.maxima.lt/media/MarketingOffer/65e5ec9ae08f0.png;-12%;Varškės apkepas, 1 kg;Iki 03.11;0;6;95;7,95;
109;Kulinarija;https://offers.maxima.lt/media/MarketingOffer/65e5ec9b42e47.png;-10%;Kepti vištienos suktinukai, 1 kg;Iki 03.11;2;8;95;9,95;
110;Kulinarija;https://offers.maxima.lt/media/MarketingOffer/65e5ec9c7684d.png;-11%;Kepti ŽARIJOS viščiukų broilerių ketvirčiai be antibiotikų, 1 kg;Iki 03.11;2;6;15;6,95;
111;Kulinarija;https://offers.maxima.lt/media/MarketingOffer/65e62bc725105.png;-8%;Aštrūs rytietiški makaronai su kepta vištiena, fasuoti, 300 g;Iki 04.01;0;2;69;2,95;
112;Kulinarija;https://offers.maxima.lt/media/MarketingOffer/65e62bc6b6bf8.png;-8%;Aštrūs azijietiški UDON makaronai su vištiena, fasuoti, 300 g;Iki 04.01;2;2;69;2,95;
113;Kulinarija;https://offers.maxima.lt/media/MarketingOffer/65e62bc6c8406.png;-8%;WOK azijietiški makaronai su daržovėmis, fasuoti, 300 g;Iki 04.01;2;2;69;2,95;
114;Konditerija;https://offers.maxima.lt/media/MarketingOffer/65e5ec93af40d.png;3 vnt. už;Bandelė VARŠKINĖ SRAIGĖ, 3 vnt. × 60 g;Iki 03.11;0;0;99;;
115;Konditerija;https://offers.maxima.lt/media/MarketingOffer/65e5ec92353e2.png;-24%;Prancūziška bandelė su dešrele, kečupu ir garstyčiomis, 95 g, 1 vnt.;Iki 03.11;0;0;75;0,99;
116;Konditerija;https://offers.maxima.lt/media/MarketingOffer/65e5ec92e4e2d.png;;KALNŲ duona, 550 g, 1 vnt.;Iki 03.11;0;1;25;;AČIŪ
117;Konditerija;https://offers.maxima.lt/media/MarketingOffer/65e5ec9365a94.png;-20%;Veganiška spurga su juoduoju šokoladu, atitirpinta, 57 g, 1 vnt.;Iki 03.11;0;0;55;0,69;
118;Konditerija;https://offers.maxima.lt/media/MarketingOffer/65e5ec8c7d43d.png;;Tortas su grietinės kremu, avietėmis, kiviais ir mangais, 1 kg;Iki 03.11;0;9;85;;AČIŪ
119;Konditerija;https://offers.maxima.lt/media/MarketingOffer/65e5ec8d20554.png;;Plokštainis su vyšnių įdaru, 1 kg;Iki 03.11;0;7;95;;AČIŪ
120;Konditerija;https://offers.maxima.lt/media/MarketingOffer/65e5ec8c60c7b.png;;Jogurtinis plokštainis su avietėmis ir traškiais dribsniais, 1 kg;Iki 03.11;0;6;95;;AČIŪ
121;Konditerija;https://offers.maxima.lt/media/MarketingOffer/65e5ec93d431e.png;;Sūrio tortas su karamele SNIKERIS, 1 kg;Iki 03.11;0;10;95;;AČIŪ
122;Konditerija;https://offers.maxima.lt/media/MarketingOffer/65e5ec9e6065b.png;-15%;ŠVARCVALDO tortas su vyšniomis, 1 kg;Iki 03.11;2;10;95;12,95;
123;Konditerija;https://offers.maxima.lt/media/MarketingOffer/65e5ec9d3ea6e.png;-11%;Vyniotinis ROJUS, 1 kg;Iki 03.11;0;7;95;8,95;
124;Duonos gaminiai;https://offers.maxima.lt/media/MarketingOffer/65e5ec8cb7ad3.png;-20%;DIDYSIS AGOTOS raikytas batonas, 500 g;Iki 03.11;0;0;95;1,19;
125;Duonos gaminiai;https://offers.maxima.lt/media/MarketingOffer/65e5ec8c4556c.png;-17%;Šviesi SĖKLŲ duona GARDĖSIS, 400 g;Iki 03.11;0;1;55;1,89;
126;Duonos gaminiai;https://offers.maxima.lt/media/MarketingOffer/65e5ec8c9a601.png;-17%;ŠVENTINĖ VERBŪNŲ plikyta duona, 800 g;Iki 03.11;2;1;39;1,69;
127;Duonos gaminiai;https://offers.maxima.lt/media/MarketingOffer/65e5ec8d3d733.png;-18%;Ekologiška viso grūdo ruginė duona TREJOS GIRNOS, 400 g;Iki 03.11;0;1;35;1,65;
128;Duonos gaminiai;https://offers.maxima.lt/media/MarketingOffer/65e5ec8d00aac.png;-19%;Visų grūdo dalių AGOTOS duona su daigintais rugiais, 350 g;Iki 03.11;2;1;49;1,85;
129;Duonos gaminiai;https://offers.maxima.lt/media/MarketingOffer/65e5ec8cd7cea.png;-20%;Juoda AGOTOS duona, 800 g;Iki 03.11;0;1;59;1,99;
130;Šaldytas maistas;https://offers.maxima.lt/media/MarketingOffer/65e81a4e0ad5f.png;-33%;"Šaldyti kokosų; mangų skonio močiai BOUJEE, 50 g";Iki 04.01;2;0;99;1,49;
131;Šaldytas maistas;https://offers.maxima.lt/media/MarketingOffer/65e62bc632e17.png;-25%;Šaldyti močiai BOUJEE, 3 rūšių, 1 dėž. (6 pak. × 40 g);Iki 04.01;2;2;99;3,99;
132;Šaldytas maistas;https://offers.maxima.lt/media/MarketingOffer/65e62bc5f1061.png;-14%;Šaldytos sumuštinių bandelės HAPPY BELLY LOTUS LEAF BUN, 400 g, 1 pak. (10 vnt.);Iki 04.01;2;5;99;6,99;
133;Šaldytas maistas;https://offers.maxima.lt/media/MarketingOffer/65e62bc6456ba.png;-22%;Šaldytos daržovės FINDUS WOK, 3 rūšių, 325 g;Iki 04.01;2;1;69;2,19;
134;Šaldytas maistas;https://offers.maxima.lt/media/MarketingOffer/65e5ec7f7326c.png;;Šaldyta glazūruota ilgųjų jūrinių lydekų filė NOWACO be odos, 800 g;Iki 03.11;0;5;59;;AČIŪ
135;Šaldytas maistas;https://offers.maxima.lt/media/MarketingOffer/65e5ec7f4ed0d.png;-32%;Šaldytos karališkosios krevetės NOWACO EXCLUSIVE be kiauto, 225 g;Iki 03.11;0;3;39;4,99;
136;Šaldytas maistas;https://offers.maxima.lt/media/MarketingOffer/65e5ec7f612ba.png;2 vnt. už;Šaldyta rudagalvių menkių filė WELL DONE, 2 rūšių, 2 pak. × 220 g;Iki 03.11;0;2;99;;
137;Šaldytas maistas;https://offers.maxima.lt/media/MarketingOffer/65e5ec994443f.png;-50%;Šaldytiems gaminiams Liūtukas ir KO;Iki 03.11;0;;;;
138;Šaldytas maistas;https://offers.maxima.lt/media/MarketingOffer/65e5ec99bf3ba.png;-33%;Šaldyti vištienos filė kepsneliai džiūvėsėliuose HEAT & EAT, 500 g;Iki 03.11;0;3;99;5,99;
139;Šaldytas maistas;https://offers.maxima.lt/media/MarketingOffer/65e5ec9a79699.png;-20%;Šaldytai produkcijai AVIKO;Iki 03.11;0;;;;
140;Šaldytas maistas;https://offers.maxima.lt/media/MarketingOffer/65e5ec9a22f85.png;;Šaldyta pica DR.OETKER RISTORANTE, 3 rūšių, 340–355 g;Iki 03.11;0;2;99;;AČIŪ
141;Šaldytas maistas;https://offers.maxima.lt/media/MarketingOffer/65e5ec9aa95cc.png;-20%;Šaldytoms uogoms ir vaisiams BERIBU;Iki 03.11;2;;;;
142;Šaldytas maistas;https://offers.maxima.lt/media/MarketingOffer/65e5ec991dedf.png;-33%;Valgomieji ledai ant pagaliuko DADU, 3 rūšių, 63 g;Iki 03.11;0;1;19;1,79;
143;Šaldytas maistas;https://offers.maxima.lt/media/MarketingOffer/65e5ec821d7ea.png;1+1;Plombyras puodelyje WELL DONE, 2 rūšių, 2 pak. × 65 g;Iki 03.11;0;0;89;;
144;Šaldytas maistas;https://offers.maxima.lt/media/MarketingOffer/65e5ec8207cbe.png;-32%;Valgomieji ledai ragelyje BALTIJA, 3 rūšių, 81–95 g;Iki 03.11;0;1;69;2,49;
145;Šaldytas maistas;https://offers.maxima.lt/media/MarketingOffer/65e5ec8275710.png;-50%;Valgomieji ledai DADU, 3 rūšių, 250–325 g;Iki 03.11;0;3;24;6,49;
146;Šaldytas maistas;https://offers.maxima.lt/media/MarketingOffer/65e5ec8232db7.png;-39%;KARALIŠKI valgomieji ledai, 3 rūšių, 420–435 g;Iki 03.11;0;4;99;8,29;
147;Šaldytas maistas;https://offers.maxima.lt/media/MarketingOffer/65e5ec83470aa.png;-20%;Produkcijai VALSOIA;Iki 03.11;0;;;;
148;Saldumynai;https://offers.maxima.lt/media/MarketingOffer/65e565b99ca77.png;2 vnt. už;Braškių skonio guminukai WELL DONE, 2 pak. x 35 g;Iki 03.11;0;1;59;;Tik Su Programele
149;Saldumynai;https://offers.maxima.lt/media/MarketingOffer/65e62bc8d84ba.png;;"Braškių; mangų skonio močiai, 2 rūšių, 80 g";Iki 04.01;0;2;49;;AČIŪ
150;Saldumynai;https://offers.maxima.lt/media/MarketingOffer/65e62bc8b22b4.png;;"Sausainiai su šokolado; braškių skonio įdaru KOALA’S MARCH, 2 rūšių, 37 g";Iki 04.01;0;1;99;;AČIŪ
151;Saldumynai;https://offers.maxima.lt/media/MarketingOffer/65e62bc86a57d.png;;Įvairių vaisių skonio močiai, 120 g;Iki 04.01;0;2;69;;AČIŪ
152;Saldumynai;https://offers.maxima.lt/media/MarketingOffer/65e62bc88e3f0.png;;Šilauogių ir aviečių skonio kakaviniai sausainiai OREO, 97 g;Iki 04.01;0;2;29;;AČIŪ
153;Saldumynai;https://offers.maxima.lt/media/MarketingOffer/65e5edaad7557.png;;Saldainiai RAFFAELLO, 150 g;Iki 04.01;0;2;79;;AČIŪ
154;Saldumynai;https://offers.maxima.lt/media/MarketingOffer/65e5edaa26545.png;;Pyragas DALCOLLE COLOMBA CLASSICA, 750 g;Iki 04.01;0;7;49;;AČIŪ
155;Saldumynai;https://offers.maxima.lt/media/MarketingOffer/65e5ec815c44d.png;-20%;Pasiflorų skonio pyragas, fasuotas, 350 g;Iki 03.11;0;3;15;3,95;
156;Saldumynai;https://offers.maxima.lt/media/MarketingOffer/65e5ec9606dab.png;;Karamelės ROSHEN SWEET DROP, sveriamos, 1 kg;Iki 03.11;0;3;99;;AČIŪ
157;Saldumynai;https://offers.maxima.lt/media/MarketingOffer/65e5ec95d3cb9.png;;Saldainiai KREGŽDUTĖ, sveriami, 1 kg;Iki 03.11;0;4;49;;AČIŪ
158;Saldumynai;https://offers.maxima.lt/media/MarketingOffer/65e5ec96eff06.png;;"PERGALĖS saldainių rink. VILNIUS; VILNIUS MARC DE CHAMPAGNE; SOSTINĖS, 3 rūšių, 140–170 g";Iki 03.11;0;2;99;;AČIŪ
159;Saldumynai;https://offers.maxima.lt/media/MarketingOffer/65e5ec962ee09.png;-30%;Saldainiams dėžutėse ir šokolado plytelėms RŪTA;Iki 03.11;0;;;;
160;Saldumynai;https://offers.maxima.lt/media/MarketingOffer/65e5ec95a9bd3.png;;Pieninis šokoladas ROSHEN LACMI su neskaldytais riešutais, 2 rūšių, 90 g;Iki 03.11;0;0;99;;AČIŪ
161;Saldumynai;https://offers.maxima.lt/media/MarketingOffer/65e5ec967b91e.png;;Šokoladas SCHOGETTEN, 3 rūšių, 100 g;Iki 03.11;0;1;35;;AČIŪ
162;Saldumynai;https://offers.maxima.lt/media/MarketingOffer/65e5ec9655578.png;;Šokoladinis batonėlis LION, 3 rūšių, 60–62 g;Iki 03.11;0;0;69;;AČIŪ
163;Saldumynai;https://offers.maxima.lt/media/MarketingOffer/65e5eca1eefa3.png;;Dražė M&M’S, 3 rūšių, 187–200 g;Iki 03.11;0;2;49;;AČIŪ
164;Saldumynai;https://offers.maxima.lt/media/MarketingOffer/65e5eca229f64.png;;Įvairių skonių guminukai-lazdelės MAJAI, 140 g;Iki 03.11;2;1;49;;AČIŪ
165;Saldumynai;https://offers.maxima.lt/media/MarketingOffer/65e5eca12ebf7.png;2 vnt. už;Sausainiai GAIDELIS KLASIKA, 2 pak. × 160 g;Iki 03.11;0;1;19;;
166;Saldumynai;https://offers.maxima.lt/media/MarketingOffer/65e5eca29c6ff.png;;Sausainiai SELGA MINI CLASSIC, 2 rūšių, 250 g;Iki 03.11;2;1;09;;AČIŪ
167;Saldumynai;https://offers.maxima.lt/media/MarketingOffer/65e5eca1bddab.png;;DZŪKIJOS sausainiai, 3 rūšių, 245–270 g;Iki 03.11;0;1;59;;AČIŪ
168;Bakalėja;https://offers.maxima.lt/media/MarketingOffer/65e565b9ae5a3.png;2 vnt. už;Veganiška bandelė su augalinės kilmės dešrele, 2 vnt. X 105 g;Iki 03.11;0;1;39;;Tik Su Programele
169;Bakalėja;https://offers.maxima.lt/media/MarketingOffer/65e62bc833dbf.png;;Greitai paruošiami ramenai SAM YANG, 3 rūšių, 130–145 g;Iki 04.01;0;1;79;;AČIŪ
170;Bakalėja;https://offers.maxima.lt/media/MarketingOffer/65e62bc8470da.png;;"Aštrus vištienos užkandis; traškučiai ZZALDDUK SAMYANG, 80–120 g";Iki 04.01;0;2;29;;AČIŪ
171;Bakalėja;https://offers.maxima.lt/media/MarketingOffer/65e62bc8c485a.png;;Aštrus užkandis BIG LATIAO, 106 g;Iki 04.01;2;1;69;;AČIŪ
172;Bakalėja;https://offers.maxima.lt/media/MarketingOffer/65e62bc802168.png;;"Ryžių traškučių užkandis; užkandžių mišinys MITSUBA, 2 rūšių, 85–100 g";Iki 04.01;0;2;69;;AČIŪ
173;Bakalėja;https://offers.maxima.lt/media/MarketingOffer/65e62bc7bb086.png;;Traškučiai THE DEVIL, 2 rūšių, 200 g;Iki 04.01;0;2;49;;AČIŪ
174;Bakalėja;https://offers.maxima.lt/media/MarketingOffer/65e5eda9f2860.png;-53%;Majonezas HELLMANN’S ORIGINAL, 73 % rieb., 625 ml;Iki 04.01;0;2;69;5,79;
175;Bakalėja;https://offers.maxima.lt/media/MarketingOffer/65e62bc792f31.png;-40%;Krevečių traškučiai VIFON, 2 rūšių, 100 g;Iki 04.01;2;1;79;2,99;
176;Bakalėja;https://offers.maxima.lt/media/MarketingOffer/65e62bc77f634.png;;Ryžių traškučiai KOMESAN, 2 rūšių, 60 g;Iki 04.01;0;1;79;;AČIŪ
177;Bakalėja;https://offers.maxima.lt/media/MarketingOffer/65e62bc816895.png;;Jūržolių užkandis SAMLIP, 3 rūšių, 1 pak. (3 pak. × 4 g);Iki 04.01;0;1;29;;AČIŪ
178;Bakalėja;https://offers.maxima.lt/media/MarketingOffer/65e5edaa4de19.png;;Makaronai LA MOLISANA, 3 rūšių, 500 g;Iki 04.01;0;0;99;;AČIŪ
179;Bakalėja;https://offers.maxima.lt/media/MarketingOffer/65e5edaabe9ac.png;;KARALIŠKASIS riešutų ir uogų mišinys ARIMEX, 300 g;Iki 04.01;0;3;59;;AČIŪ
180;Bakalėja;https://offers.maxima.lt/media/MarketingOffer/65e62bc90a6aa.png;;Greitai paruošiami makaronai VIFON, 2 rūšių, 58–65 g;Iki 04.01;0;1;69;;AČIŪ
181;Bakalėja;https://offers.maxima.lt/media/MarketingOffer/65e62bc91f122.png;;Greitai paruošiama sriuba su ryžių makaronais VIFON, 2 rūšių, 60 g;Iki 04.01;0;1;29;;AČIŪ
182;Bakalėja;https://offers.maxima.lt/media/MarketingOffer/65e62bc948abf.png;;Makaronų sriuba NISSIN DEMAE RAMEN, 2 rūšių, 100 g;Iki 04.01;0;0;99;;AČIŪ
183;Bakalėja;https://offers.maxima.lt/media/MarketingOffer/65e62bc9c93df.png;;Greitai paruošiami makaronai OYAKATA, 3 rūšių, 93–96 g;Iki 04.01;0;1;49;;AČIŪ
184;Bakalėja;https://offers.maxima.lt/media/MarketingOffer/65e62bc934c46.png;;Greitai paruošiami makaronai YAKISOBA, 2 rūšių, 93 g;Iki 04.01;0;1;49;;AČIŪ
185;Bakalėja;https://offers.maxima.lt/media/MarketingOffer/65e62bc9727fb.png;;Greitai paruošiami makaronai SUN YAN NATURE, 3 rūšių, 62–63 g;Iki 04.01;0;0;89;;AČIŪ
186;Bakalėja;https://offers.maxima.lt/media/MarketingOffer/65e62bc988783.png;;Greitai paruošiami ryžių makaronai VIFON, 3 rūšių, 85 g;Iki 04.01;2;1;99;;AČIŪ
187;Bakalėja;https://offers.maxima.lt/media/MarketingOffer/65e62bc9b2d70.png;;Greitai paruošiami UDON makaronai KOREAN STREET FOOD, 2 rūšių, 192 g;Iki 04.01;2;2;99;;AČIŪ
188;Bakalėja;https://offers.maxima.lt/media/MarketingOffer/65e62bc95d627.png;;Greitai paruošiama sriuba KIKKOMAN, 2 rūšių, 1 pak. (3 pak. x 10 g);Iki 04.01;2;3;29;;AČIŪ
189;Bakalėja;https://offers.maxima.lt/media/MarketingOffer/65e62bca6f479.png;;"Kimčių padažas; sriubos pagrindas KIKKOMAN, 2 rūšių, 250 ml";Iki 04.01;2;4;99;;AČIŪ
190;Bakalėja;https://offers.maxima.lt/media/MarketingOffer/65e62bc9e523d.png;;Japoniško stiliaus majonezas SAITAKU, 2 rūšių, 160 g;Iki 04.01;0;2;99;;AČIŪ
191;Bakalėja;https://offers.maxima.lt/media/MarketingOffer/65e62bca581ef.png;;Makaronų, vištienos padažas MAGGI, 3 rūšių, 65 g;Iki 04.01;0;0;99;;AČIŪ
192;Bakalėja;https://offers.maxima.lt/media/MarketingOffer/65e62bca84ce8.png;-30%;Produkcijai AJI;Iki 04.01;0;;;;
193;Bakalėja;https://offers.maxima.lt/media/MarketingOffer/65e62bca42684.png;-25%;Padažams BUGA’S;Iki 04.01;0;;;;
194;Bakalėja;https://offers.maxima.lt/media/MarketingOffer/65e62bca9918e.png;;Sojų padažas KIKKOMAN LESS SALT, 150 ml;Iki 04.01;0;3;59;;AČIŪ
195;Bakalėja;https://offers.maxima.lt/media/MarketingOffer/65e62bcaad404.png;-25%;Padažams JADE BRIDGE;Iki 04.01;0;;;;
196;Bakalėja;https://offers.maxima.lt/media/MarketingOffer/65e62bca2dc19.png;-25%;Sojų padažams YAMASA;Iki 04.01;0;;;;
197;Bakalėja;https://offers.maxima.lt/media/MarketingOffer/65e62bca05215.png;-37%;Kario pasta KANOKWAN, 3 rūšių, 30–50 g;Iki 04.01;0;0;99;1,59;
198;Bakalėja;https://offers.maxima.lt/media/MarketingOffer/65e62bca19f9a.png;;Ekologiškas kokosų gėrimas BIONATURALIS, 3 rūšių, 400 ml;Iki 04.01;0;1;79;;AČIŪ
199;Bakalėja;https://offers.maxima.lt/media/MarketingOffer/65e62bcb5e571.png;;Pasta HOUSE OF ASIA, 50 g;Iki 04.01;2;1;09;;AČIŪ
200;Bakalėja;https://offers.maxima.lt/media/MarketingOffer/65e62bcb4710d.png;;Pasta HOUSE OF ASIA, 2 rūšių, 113 g;Iki 04.01;0;1;69;;AČIŪ
201;Bakalėja;https://offers.maxima.lt/media/MarketingOffer/65e62bcbe87f8.png;-40%;Azijos produkcijai SANTA MARIA;Iki 04.01;0;;;;
202;Bakalėja;https://offers.maxima.lt/media/MarketingOffer/65e62bcb88b98.png;;Kiaušininiai makaronai THAI CHOICE, 200 g;Iki 04.01;0;1;19;;AČIŪ
203;Bakalėja;https://offers.maxima.lt/media/MarketingOffer/65e62bcb33e72.png;;Rudųjų ryžių vermišeliai THAI CHOICE su sėlenomis, 200 g;Iki 04.01;0;1;79;;AČIŪ
204;Bakalėja;https://offers.maxima.lt/media/MarketingOffer/65e62bcbd1e56.png;;Ryžių vermišeliai THAI CHOICE, 200 g;Iki 04.01;0;1;69;;AČIŪ
205;Bakalėja;https://offers.maxima.lt/media/MarketingOffer/65e62bcb16b3b.png;;WOK makaronai THAI CHOICE, 250 g;Iki 04.01;0;1;79;;AČIŪ
206;Bakalėja;https://offers.maxima.lt/media/MarketingOffer/65e62bcba1b32.png;;Ryžių makaronai THAI CHOICE, 200 g;Iki 04.01;2;1;49;;AČIŪ
207;Bakalėja;https://offers.maxima.lt/media/MarketingOffer/65e62bcbbb165.png;;Avižiniai makaronai THAI CHOICE, 200 g;Iki 04.01;2;2;49;;AČIŪ
208;Bakalėja;https://offers.maxima.lt/media/MarketingOffer/65e62bcb73af2.png;;Džiovinti vėlyvųjų citrinmedžių lapai HOUSE OF ASIA, 10 g;Iki 04.01;2;0;99;;AČIŪ
209;Bakalėja;https://offers.maxima.lt/media/MarketingOffer/65e62bcae004e.png;;Juodieji ausiagrybiai HOUSE OF ASIA, 30 g;Iki 04.01;2;1;49;;AČIŪ
210;Bakalėja;https://offers.maxima.lt/media/MarketingOffer/65e62bcacbc57.png;;Valgomieji danteniai HOUSE OF ASIA, 2 rūšių, 30 g;Iki 04.01;2;1;49;;AČIŪ
211;Bakalėja;https://offers.maxima.lt/media/MarketingOffer/65e62bcaf4137.png;;Sojų padažas SAITAKU, 150 ml;Iki 04.01;2;2;15;;AČIŪ
212;Bakalėja;https://offers.maxima.lt/media/MarketingOffer/65e62bc620083.png;;Jūrų dumblių lapai SAITAKU SUSHI NORI, 14 g;Iki 04.01;0;1;55;;AČIŪ
213;Bakalėja;https://offers.maxima.lt/media/MarketingOffer/65e62bc59cf9d.png;;Marinuoti imbierai SAITAKU, 190 g;Iki 04.01;2;2;29;;AČIŪ
214;Bakalėja;https://offers.maxima.lt/media/MarketingOffer/65e62bc5dba2b.png;;Sušių ryžiai WELL DONE, 400 g;Iki 04.01;2;0;99;;AČIŪ
215;Bakalėja;https://offers.maxima.lt/media/MarketingOffer/65e62bc657d48.png;;Sušių gaminimo rinkinys SAITAKU SUSHI KIT, 361 g;Iki 04.01;0;5;99;;AČIŪ
216;Bakalėja;https://offers.maxima.lt/media/MarketingOffer/65e5ec9b70af9.png;-18%;LEGENDINIS sumuštinis su kebabo vištiena, 235 g;Iki 03.11;0;1;99;2,45;
217;Bakalėja;https://offers.maxima.lt/media/MarketingOffer/65e5ec914adbc.png;-29%;Veganiškas baltyminis batonėlis KETO PLANET SUPERFOOD, 3 rūšių, 40 g;Iki 03.11;2;1;19;1,69;
218;Bakalėja;https://offers.maxima.lt/media/MarketingOffer/65e5ec983987c.png;2 vnt. už;Ekologiškas javainių batonėlis FIT, 3 rūšių, 2 pak. × 30 g;Iki 03.11;2;0;85;;
219;Bakalėja;https://offers.maxima.lt/media/MarketingOffer/65e5ec975d806.png;;Granola FIBERA, 3 rūšių, 350 g;Iki 03.11;0;1;39;;AČIŪ
220;Bakalėja;https://offers.maxima.lt/media/MarketingOffer/65e5ec98642ba.png;;Greitai paruošiama avižinė košė ACTIVUS, 3 rūšių, 60 g;Iki 03.11;0;0;79;;AČIŪ
221;Bakalėja;https://offers.maxima.lt/media/MarketingOffer/65e5ec97de6ee.png;;Plikyti ryžiai SKANĖJA, 1 dėž. (4 pak. × 125 g);Iki 03.11;0;0;99;;AČIŪ
222;Bakalėja;https://offers.maxima.lt/media/MarketingOffer/65e5ec97885b1.png;;Grikių kruopos SKANĖJA, 800 g;Iki 03.11;0;1;89;;AČIŪ
223;Bakalėja;https://offers.maxima.lt/media/MarketingOffer/65e5ec98b38fb.png;-26%;Milteliai ACORUS BALANCE FIBER SLIM DETOX, 300 g;Iki 03.11;2;6;99;9,49;
224;Bakalėja;https://offers.maxima.lt/media/MarketingOffer/65e5ec988e1e7.png;;Kvietiniai EKSTRA miltai MALSENA, a. r., 405 D, 1,75 kg;Iki 03.11;0;1;59;;AČIŪ
225;Bakalėja;https://offers.maxima.lt/media/MarketingOffer/65e5ec87afdbc.png;-25%;Miltams ir miltų mišiniams WELL DONE;Iki 03.11;0;;;;
226;Bakalėja;https://offers.maxima.lt/media/MarketingOffer/65e5ec87184d0.png;-22%;Makaronai FAVORIT DURUM PASTA, 2 rūšių, 400 g;Iki 03.11;2;0;69;0,89;
227;Bakalėja;https://offers.maxima.lt/media/MarketingOffer/65e5ec87e6a28.png;;Greitai paruošiami makaronai MAGGI, 3 rūšių, 59 g;Iki 03.11;2;0;59;;AČIŪ
228;Bakalėja;https://offers.maxima.lt/media/MarketingOffer/65e5ec84f12b6.png;-48%;Sultinio kubeliai VEGETA, 3 rūšių, 1 dėž. (12 kub. × 10 g);Iki 03.11;0;0;59;1,15;
229;Bakalėja;https://offers.maxima.lt/media/MarketingOffer/65e5ec84d95ae.png;;Cukrus EXTRA LINE, 1 kg;Iki 03.11;0;0;75;;AČIŪ
230;Bakalėja;https://offers.maxima.lt/media/MarketingOffer/65e5ec83e65af.png;1+1;Prieskonių mišinys VEGETA, 2 pak. × 250 g;Iki 03.11;0;2;49;;
231;Bakalėja;https://offers.maxima.lt/media/MarketingOffer/65e5ec83b4aa7.png;-30%;Prieskoniams ALVO TASTE FROM GARDEN;Iki 03.11;2;;;;
232;Bakalėja;https://offers.maxima.lt/media/MarketingOffer/65e5ec84c0c51.png;-40%;OBELIŲ aliejui;Iki 03.11;0;;;;
233;Bakalėja;https://offers.maxima.lt/media/MarketingOffer/65e5ec83ca8d2.png;-21%;Graikinių riešutų aliejus ANIRA, 500 ml;Iki 03.11;0;5;49;6,99;
234;Bakalėja;https://offers.maxima.lt/media/MarketingOffer/65e5ec8490f71.png;;Ypač grynas alyvuogių aliejus SPARTA GROVES, 500 ml;Iki 03.11;2;8;49;;AČIŪ
235;Bakalėja;https://offers.maxima.lt/media/MarketingOffer/65e5ec841894b.png;;Vidutinio dydžio kviečių tortilijos SANTA MARIA TEX MEX, 320 g;Iki 03.11;0;2;39;;AČIŪ
236;Bakalėja;https://offers.maxima.lt/media/MarketingOffer/65e5ec845bcf5.png;;Padažas OLD EL PASO, 3 rūšių, 312–320 g;Iki 03.11;2;1;99;;AČIŪ
237;Bakalėja;https://offers.maxima.lt/media/MarketingOffer/65e5ec839ff03.png;;KĖDAINIŲ KONSERVŲ FABRIKO česnakinis majonezo padažas, 500 g;Iki 03.11;0;1;69;;AČIŪ
238;Bakalėja;https://offers.maxima.lt/media/MarketingOffer/65e5ec9059bae.png;;Kečupas HEINZ, 700 g;Iki 03.11;0;3;65;;AČIŪ
239;Bakalėja;https://offers.maxima.lt/media/MarketingOffer/65e5ec8fb7d9e.png;;SUSLAVIČIAUS pomidorų padažas, 3 rūšių, 500 g;Iki 03.11;0;1;99;;AČIŪ
240;Bakalėja;https://offers.maxima.lt/media/MarketingOffer/65e5ec8f955e8.png;;Marinuoti KĖDAINIŲ KONSERVŲ FABRIKO agurkai GERAS VAIZDELIS, 660 g;Iki 03.11;0;1;59;;AČIŪ
241;Bakalėja;https://offers.maxima.lt/media/MarketingOffer/65e5ec9feef0b.png;-50%;Traškučiams LAY’S;Iki 03.11;0;;;;
242;Bakalėja;https://offers.maxima.lt/media/MarketingOffer/65e5ec9e9ab98.png;;Bulvių traškučiai TAFFEL, 3 rūšių, 130 g;Iki 03.11;0;1;65;;AČIŪ
243;Bakalėja;https://offers.maxima.lt/media/MarketingOffer/65e5ec9f90910.png;;Traškučiai OHO!, 3 rūšių, 60 g;Iki 03.11;0;0;49;;AČIŪ
244;Bakalėja;https://offers.maxima.lt/media/MarketingOffer/65e5ec9ec8633.png;;Žemės riešutai apvalkale ZET ROCK’S!, 3 rūšių, 190 g;Iki 03.11;0;0;95;;AČIŪ
245;Bakalėja;https://offers.maxima.lt/media/MarketingOffer/65e5ec9f016f4.png;;Žemės riešutai ESTRELLA, 3 rūšių, 140 g;Iki 03.11;0;2;19;;AČIŪ
246;Bakalėja;https://offers.maxima.lt/media/MarketingOffer/65e5eca0598f7.png;;Skrudintos nelukštentos saulėgrąžos MOGYI, 2 rūšių, 300 g;Iki 03.11;0;2;19;;AČIŪ
247;Bakalėja;https://offers.maxima.lt/media/MarketingOffer/65e5ec89e055f.png;-40%;Graikiniai riešutai SUNNY FRUTOWN, 300 g;Iki 03.11;2;2;99;4,99;
248;Bakalėja;https://offers.maxima.lt/media/MarketingOffer/65e5ec8a2520b.png;;Lazdynų riešutai ARIMEX, 300 g;Iki 03.11;0;4;49;;AČIŪ
249;Bakalėja;https://offers.maxima.lt/media/MarketingOffer/65e5ec89ba003.png;;STUDENTŲ MAISTAS su kepintais riešutais ARIMEX PREMIUM, 250 g;Iki 03.11;2;2;79;;AČIŪ
250;Bakalėja;https://offers.maxima.lt/media/MarketingOffer/65e5ec8a9fdb1.png;2 vnt. už;Krekeriai GAIDELIS, 3 rūšių, 2 pak. × 70–72 g;Iki 03.11;0;1;59;;
251;Bakalėja;https://offers.maxima.lt/media/MarketingOffer/65e5ec8a45f3b.png;;Skanėstas KUKI-MUKI, 250 g;Iki 03.11;0;3;19;;AČIŪ
252;Bakalėja;https://offers.maxima.lt/media/MarketingOffer/65e5ec8a09c82.png;;Kukurūzų trapučiai ŪSTUKIŲ MALŪNAS, 130 g;Iki 03.11;0;0;69;;AČIŪ
253;Konservuotas maistas;https://offers.maxima.lt/media/MarketingOffer/65e5edaa60c32.png;;Žaliosios alyvuogės ITLV, 3 rūšių, 300 g;Iki 04.01;0;1;39;;AČIŪ
254;Konservuotas maistas;https://offers.maxima.lt/media/MarketingOffer/65e5ec8fd7c8b.png;;Konservuoti žalieji žirneliai SPILVA, 690 g;Iki 03.11;0;1;25;;AČIŪ
255;Konservuotas maistas;https://offers.maxima.lt/media/MarketingOffer/65e5ec8f502d6.png;;Konservuoti ypač traškūs kukurūzai GLOBUS, 340 g;Iki 03.11;2;1;19;;AČIŪ
256;Konservuotas maistas;https://offers.maxima.lt/media/MarketingOffer/65e5ec9006628.png;;"Avinžirniai; pupelės BONDUELLE, 3 rūšių, 310–430 g";Iki 03.11;2;1;49;;AČIŪ
257;Konservuotas maistas;https://offers.maxima.lt/media/MarketingOffer/65e5ec8f0ef1d.png;;"Konservuoti trinti; lupti pomidorai MUTTI, 2 rūšių, 400 g";Iki 03.11;0;1;35;;AČIŪ
258;Konservuotas maistas;https://offers.maxima.lt/media/MarketingOffer/65e5ec907e1a7.png;;"Juodosios; žaliosios alyvuogės FEUDO VERDE, 3 rūšių, 300 g";Iki 03.11;2;1;35;;AČIŪ
259;Kava, kakava, arbata;https://offers.maxima.lt/media/MarketingOffer/65e5edaa85f17.png;;Kavos pupelės MERRILD, 2 rūšių, 1 kg;Iki 04.01;0;9;99;;AČIŪ
260;Kava, kakava, arbata;https://offers.maxima.lt/media/MarketingOffer/65e62bc5ca8be.png;;Ekologiška biri japoniška žalioji arbata MOYA, 3 rūšių, 60 g;Iki 04.01;0;6;99;;AČIŪ
261;Kava, kakava, arbata;https://offers.maxima.lt/media/MarketingOffer/65e62bc60e41f.png;;Ekologiška žalioji arbata MOYA MATCHA DAILY, 30 g;Iki 04.01;0;6;49;;AČIŪ
262;Kava, kakava, arbata;https://offers.maxima.lt/media/MarketingOffer/65e62bc681480.png;;Ekologiškos žaliosios arbatos MOYA MATCHA DAILY rinkinys, 1 rink.;Iki 04.01;0;17;99;;AČIŪ
263;Kava, kakava, arbata;https://offers.maxima.lt/media/MarketingOffer/65e5ec902dd70.png;;Malta kava LAVAZZA, 2 rūšių, 250 g;Iki 03.11;0;4;19;;AČIŪ
264;Kava, kakava, arbata;https://offers.maxima.lt/media/MarketingOffer/65e5ec8ec355e.png;;Malta kava PAULIG MOKKA, 475 g;Iki 03.11;0;3;99;;AČIŪ
265;Kava, kakava, arbata;https://offers.maxima.lt/media/MarketingOffer/65e5ec88c43ea.png;;Malta kava MERRILD, 2 rūšių, 500 g;Iki 03.11;0;4;29;;AČIŪ
266;Kava, kakava, arbata;https://offers.maxima.lt/media/MarketingOffer/65e5ec884bbc6.png;-40%;Maltai kavai ir kavos pupelėms JACOBS;Iki 03.11;0;;;;
267;Kava, kakava, arbata;https://offers.maxima.lt/media/MarketingOffer/65e5ec8b7901d.png;;Kavos pupelės LAVAZZA, 2 rūšių, 1 kg;Iki 03.11;0;14;99;;AČIŪ
268;Kava, kakava, arbata;https://offers.maxima.lt/media/MarketingOffer/65e5ec8c1f6ab.png;;Kavos pupelės DALLMAYR HOME BARISTA, 3 rūšių, 1 kg;Iki 03.11;2;11;99;;AČIŪ
269;Kava, kakava, arbata;https://offers.maxima.lt/media/MarketingOffer/65e5ec8bd7691.png;;Kavos kapsulės LAVAZZA, 3 rūšių, 1 dėž. (10 vnt.);Iki 03.11;0;3;99;;AČIŪ
270;Kava, kakava, arbata;https://offers.maxima.lt/media/MarketingOffer/65e5ec8bbaa8c.png;;Tirpioji kava JACOBS CRONAT GOLD, 200 g;Iki 03.11;0;6;99;;AČIŪ
271;Kava, kakava, arbata;https://offers.maxima.lt/media/MarketingOffer/65e5ec8b22ade.png;;Tirpiosios kavos gėrimas AROMA GOLD 3IN1, 2 rūšių, 1 maiš. (10 pak. × 17 g);Iki 03.11;0;1;49;;AČIŪ
272;Kava, kakava, arbata;https://offers.maxima.lt/media/MarketingOffer/65e5ec96a14f1.png;-30%;Kavai ir arbatai GURMAN’S;Iki 03.11;2;;;;
273;Kava, kakava, arbata;https://offers.maxima.lt/media/MarketingOffer/65e5ec96c833b.png;-50%;Arbatai LOYD;Iki 03.11;0;;;;
274;Kava, kakava, arbata;https://offers.maxima.lt/media/MarketingOffer/65e5ec97245d4.png;-30%;Arbatai ŽOLYNĖLIS;Iki 03.11;0;;;;
275;Gėrimai;https://offers.maxima.lt/media/MarketingOffer/65e62bc7a7b34.png;;Gazuotas gaivusis gėrimas RAMUNE, 2 rūšių, 200 ml;Iki 04.01;0;1;69;;AČIŪ
276;Gėrimai;https://offers.maxima.lt/media/MarketingOffer/65e62bc7d0fec.png;;Gazuotas sulčių gėrimas BONSU, 3 rūšių, 330 ml;Iki 04.01;0;0;99;;AČIŪ
277;Gėrimai;https://offers.maxima.lt/media/MarketingOffer/65e62bc75950e.png;;"Natūralus; gazuotas kokosų vanduo COCONAUT, 2 rūšių, 320 ml";Iki 04.01;0;1;39;;AČIŪ
278;Gėrimai;https://offers.maxima.lt/media/MarketingOffer/65e62bc76c13f.png;;Alavijų gėrimas ALEO, 3 rūšių, 500 ml;Iki 04.01;0;0;99;;AČIŪ
279;Gėrimai;https://offers.maxima.lt/media/MarketingOffer/65e62bc7e2b8c.png;;Alavijų gėrimas ALEO, 3 rūšių, 1,5 l;Iki 04.01;0;1;99;;AČIŪ
280;Gėrimai;https://offers.maxima.lt/media/MarketingOffer/65e62bc99f46e.png;;Tyras jaunų kokosų vanduo NATURE’S CHARM, 520 ml;Iki 04.01;0;1;49;;AČIŪ
281;Gėrimai;https://offers.maxima.lt/media/MarketingOffer/65e5edaa73152.png;;Gazuotas natūralus mineralinis vanduo VYTAUTAS, 1,5 l;Iki 04.01;0;0;39;;AČIŪ
282;Gėrimai;https://offers.maxima.lt/media/MarketingOffer/65e5edaa96e54.png;;Nealkoholinis putojantis sausas vynas MIONETTO, 2 rūšių, 750 ml;Iki 04.01;0;5;49;;AČIŪ
283;Gėrimai;https://offers.maxima.lt/media/MarketingOffer/65e5eca25d221.png;;Negazuotas vanduo VICHY FRESH STRAWBERRY, 1,5 l;Iki 03.11;0;0;69;;AČIŪ
284;Gėrimai;https://offers.maxima.lt/media/MarketingOffer/65e5eca10319b.png;-50%;Mineraliniam vandeniui TICHĖ;Iki 03.11;0;;;;
285;Gėrimai;https://offers.maxima.lt/media/MarketingOffer/65e5eca18a835.png;1+1;Natūralus mineralinis vanduo DRUSKININKŲ HERMIS, 3 rūšių, 2 but. × 1 l;Iki 03.11;0;0;69;;
286;Gėrimai;https://offers.maxima.lt/media/MarketingOffer/65e5eca15bfcf.png;;Pomidorų sultys ELMENHORSTER, 1 l;Iki 03.11;0;1;29;;AČIŪ
287;Gėrimai;https://offers.maxima.lt/media/MarketingOffer/65e5eca2ce41f.png;;Vaisių gėrimas HAPPY DAY, 3 rūšių, 1 l;Iki 03.11;2;2;09;;AČIŪ
288;Gėrimai;https://offers.maxima.lt/media/MarketingOffer/65e5ec996e4e2.png;;Sulčių gėrimas TYMBARK, 3 rūšių, 2 l;Iki 03.11;0;1;69;;AČIŪ
289;Gėrimai;https://offers.maxima.lt/media/MarketingOffer/65e5ec9a4bbe4.png;;Negazuotas šaltosios arbatos gėrimas NESTEA, 3 rūšių, 1,5 l;Iki 03.11;0;1;15;;AČIŪ
290;Gėrimai;https://offers.maxima.lt/media/MarketingOffer/65e5ec99ec5f0.png;;Gazuotas gėrimas PEPSI, 1 l;Iki 03.11;0;0;95;;AČIŪ
291;Gėrimai;https://offers.maxima.lt/media/MarketingOffer/65e5eca02b05d.png;;"Gazuotas gėrimas COCA-COLA; COCA-COLA ZERO; SPRITE, 3 rūšių, 330 ml";Iki 03.11;0;0;59;;AČIŪ
292;Gėrimai;https://offers.maxima.lt/media/MarketingOffer/65e5ec9f617df.png;;Gira RUGILĖ, 1,5 l;Iki 03.11;0;1;19;;AČIŪ
293;Gėrimai;https://offers.maxima.lt/media/MarketingOffer/65e5ec9f2ed9f.png;;Energinis gėrimas RED BULL, 473 ml;Iki 03.11;0;1;99;;AČIŪ
294;Gėrimai;https://offers.maxima.lt/media/MarketingOffer/65e5ec9fbf021.png;-27%;Nealkoholinis šviesusis alus KALNAPILIS, 500 ml;Iki 03.11;0;0;79;1,09;
295;Kūdikių ir vaikų prekės;https://offers.maxima.lt/media/MarketingOffer/65e5eca33b3dd.png;;"Sauskelnės PAMPERS PAW PATROL, 3 rūšių, 4; 5; 6 dydžiai, 1 pak. (72; 66; 60 vnt.)";Iki 03.11;0;20;99;;AČIŪ
296;Prekės gyvūnams;https://offers.maxima.lt/media/MarketingOffer/65e5edaaeee09.png;;Konservuotas visavertis kačių ėdalas GOURMET GOLD, 3 rūšių, 85 g;Iki 04.01;0;0;49;;AČIŪ
297;Prekės gyvūnams;https://offers.maxima.lt/media/MarketingOffer/65e5eca30b2e8.png;;Šunų ėdalas PRIMADOG, 3 rūšių, 260 g;Iki 03.11;0;1;69;;AČIŪ
298;Prekės gyvūnams;https://offers.maxima.lt/media/MarketingOffer/65e5eca3d06e1.png;;Šunų ėdalo papildas PAPKY, 3 rūšių, 120 g;Iki 03.11;0;0;85;;AČIŪ
299;Prekės gyvūnams;https://offers.maxima.lt/media/MarketingOffer/65e5ec832b545.png;;Konservuotas kačių ėdalas FELIX, 3 rūšių, 1 pak. (4 vnt. × 85 g);Iki 03.11;0;1;69;;AČIŪ
300;Prekės gyvūnams;https://offers.maxima.lt/media/MarketingOffer/65e5ec82b9863.png;;Sausas kačių ėdalas FRISKIES, 3 rūšių, 1 kg;Iki 03.11;0;3;19;;AČIŪ
301;Prekės gyvūnams;https://offers.maxima.lt/media/MarketingOffer/65e5ec82a1e67.png;;Sušokantis kačių kraikas LOVETT, 5 l;Iki 03.11;0;2;09;;AČIŪ
302;Kosmetika ir higiena;https://offers.maxima.lt/media/MarketingOffer/65e5edaa390c5.png;;Popieriniai rankšluosčiai ZEWA WISCH & WEG, 2 sluoksnių, 1 pak. (2 rit.);Iki 04.01;2;2;79;;AČIŪ
303;Kosmetika ir higiena;https://offers.maxima.lt/media/MarketingOffer/65e5ec8a65647.png;-30%;Moterų higienos prekėms CAREFREE ir O.B.;Iki 03.11;0;;;;
304;Kosmetika ir higiena;https://offers.maxima.lt/media/MarketingOffer/65e5ec89912b0.png;;"Higieniniai įklotai; paketai BELLA, 2 rūšių, 1 pak. (20 vnt.)";Iki 03.11;0;1;19;;AČIŪ
305;Kosmetika ir higiena;https://offers.maxima.lt/media/MarketingOffer/65e5ec8966459.png;;Dantų šepetėliai ORAL-B 3D WHITE MEDIUM, 1 pak. (2 vnt.);Iki 03.11;0;2;29;;AČIŪ
306;Kosmetika ir higiena;https://offers.maxima.lt/media/MarketingOffer/65e5ec8a828e5.png;-35%;Burnos priežiūros priemonėms LACALUT;Iki 03.11;0;;;;
307;Kosmetika ir higiena;https://offers.maxima.lt/media/MarketingOffer/65e5eca0c4645.png;;Micelinis vanduo BIODERMA SENSIBIO H2O, 500 ml;Iki 03.11;0;12;39;;AČIŪ
308;Kosmetika ir higiena;https://offers.maxima.lt/media/MarketingOffer/65e5eca09682c.png;;Kremas MARGARITA su kolagenu ir augaliniu aliejumi, 50 ml;Iki 03.11;0;2;79;;AČIŪ
309;Kosmetika ir higiena;https://offers.maxima.lt/media/MarketingOffer/65e5ec9d9a277.png;;Skystasis muilas PALMOLIVE NATURALS, 3 rūšių, 500 ml;Iki 03.11;0;2;09;;AČIŪ
310;Kosmetika ir higiena;https://offers.maxima.lt/media/MarketingOffer/65e5ec9dc7ba8.png;-40%;Plaukų priežiūros priemonėms AUSSIE;Iki 03.11;2;;;;
311;Kosmetika ir higiena;https://offers.maxima.lt/media/MarketingOffer/65e5ec9d6d4fd.png;;Plaukų šampūnas SCHAUMA, 3 rūšių, 400 ml;Iki 03.11;0;2;75;;AČIŪ
312;Kosmetika ir higiena;https://offers.maxima.lt/media/MarketingOffer/65e5ec9e0498b.png;-40%;Vyriškoms veido priežiuros ir skutimosi priemonėms NIVEA;Iki 03.11;0;;;;
313;Kosmetika ir higiena;https://offers.maxima.lt/media/MarketingOffer/65e5ec9caad83.png;;Jautrios odos skustuvai BIC 3 SENSITIVE, 1 pak. (4 vnt.);Iki 03.11;0;2;09;;AČIŪ
314;Kosmetika ir higiena;https://offers.maxima.lt/media/MarketingOffer/65e5eca43d197.png;;Popieriniai rankšluosčiai FAVORIT JUMBO, 2 sluoksnių, 1 rit.;Iki 03.11;0;1;59;;AČIŪ
315;Kosmetika ir higiena;https://offers.maxima.lt/media/MarketingOffer/65e5eca46bfb1.png;;Tualetinis popierius FAVORIT, 2 rūšių, 3 sluoksnių, 1 pak. (8 rit.);Iki 03.11;0;1;55;;AČIŪ
316;Pramonės prekės;https://offers.maxima.lt/media/MarketingOffer/65e62bc8591f4.png;;Bambukinis indas virti garuose, ø 17,5 cm, 1 rink.;Iki 04.01;2;7;99;;AČIŪ
317;Pramonės prekės;https://offers.maxima.lt/media/MarketingOffer/65e62bc89fb43.png;;Bambukinės lazdelės, 24 cm, 10 porų;Iki 04.01;2;1;49;;AČIŪ
318;Pramonės prekės;https://offers.maxima.lt/media/MarketingOffer/65e62bc87c8c8.png;;Kiniška (WOK) keptuvė UNIWELL, ø 28 cm, 1 vnt.;Iki 04.01;2;13;99;;AČIŪ
319;Pramonės prekės;https://offers.maxima.lt/media/MarketingOffer/65e5ec9e318dd.png;-40%;LIETUVOS VĖLIAVOMS IR SUVENYRAMS SU LIETUVOS TAUTINE ATRIBUTIKA;Iki 03.11;0;;;;
320;Pramonės prekės;https://offers.maxima.lt/media/MarketingOffer/65e5ec9d118dd.png;;"Vyriškos; moteriškos kojinės SEVEN LEMON, 37–46 dydžiai, 1 pak. (5 poros)";Iki 03.11;0;3;89;;AČIŪ
321;Pramonės prekės;https://offers.maxima.lt/media/MarketingOffer/65e5ec9cd5b5c.png;;"Vyriški; moteriški sandalai SEVEN LEMON, 36–46 dydžiai, 1 pora";Iki 03.11;2;4;79;;AČIŪ
322;Pramonės prekės;https://offers.maxima.lt/media/MarketingOffer/65e5ec8d7fa98.png;;Staltiesė ILAJA, 4 spalvų, 130 × 180 cm, 1 vnt.;Iki 03.11;0;4;49;;AČIŪ
323;Pramonės prekės;https://offers.maxima.lt/media/MarketingOffer/65e5ec8e28796.png;;Elektroninės virtuvinės svarstyklės HENSKE, 1 vnt.;Iki 03.11;0;7;99;;AČIŪ
324;Pramonės prekės;https://offers.maxima.lt/media/MarketingOffer/65e5ec8e4511e.png;;Sumuštinių kepyklė HENSKE, 1 vnt.;Iki 03.11;0;19;59;;AČIŪ
325;Pramonės prekės;https://offers.maxima.lt/media/MarketingOffer/65e5ec8d5b30d.png;;Bambukinė pjaustymo lentelė UNIWELL, 25 × 38 cm, 1 vnt.;Iki 03.11;2;4;99;;AČIŪ
326;Pramonės prekės;https://offers.maxima.lt/media/MarketingOffer/65e5ec8e0654f.png;;Troškintuvas su dangčiu ILAJA, 600 ml, 1 rink.;Iki 03.11;0;2;99;;AČIŪ
327;Pramonės prekės;https://offers.maxima.lt/media/MarketingOffer/65e5ec8e640ba.png;;Vaikiškų indų rinkinys AURORA, 1 rink. (3 vnt.);Iki 03.11;0;4;99;;AČIŪ
328;Pramonės prekės;https://offers.maxima.lt/media/MarketingOffer/65e5ec8ddacac.png;;Gertuvė UNIWELL, 1,5 l, 1 vnt.;Iki 03.11;2;4;99;;AČIŪ
329;Pramonės prekės;https://offers.maxima.lt/media/MarketingOffer/65e5ec8e8e740.png;;Plastikinė daiktadėžė HOME EXPERT, 35,5 × 29 × 13,5 cm, 1 vnt.;Iki 03.11;2;2;99;;AČIŪ
330;Pramonės prekės;https://offers.maxima.lt/media/MarketingOffer/65e5ec8dbe146.png;;Kosmetinis veidrodis su LED apšvietimu HENSKE, 1 vnt.;Iki 03.11;2;8;99;;AČIŪ
331;Pramonės prekės;https://offers.maxima.lt/media/MarketingOffer/65e5ec8da059e.png;;Baterijos įkroviklis ROTZ, 6 V, 12 V, 1 vnt.;Iki 03.11;2;23;99;;AČIŪ
332;Pramonės prekės;https://offers.maxima.lt/media/MarketingOffer/65e5ec8793377.png;;Daigykla SOLID BY KAUFTEC PRO, 21 × 21 × 13 cm, 1 rink.;Iki 03.11;0;1;99;;AČIŪ
333;Pramonės prekės;https://offers.maxima.lt/media/MarketingOffer/65e5ec87cb2de.png;;Daržo plėvelė SOLID BY KAUFTEC PRO, 2 × 5 m, 1 vnt.;Iki 03.11;2;6;99;;AČIŪ
334;Pramonės prekės;https://offers.maxima.lt/media/MarketingOffer/65e5ec8737d96.png;;Išskleidžiamas šiltnamis SOLID BY KAUFTEC PRO, 1 vnt.;Iki 03.11;0;9;59;;AČIŪ
335;Pramonės prekės;https://offers.maxima.lt/media/MarketingOffer/65e5ec880f8a3.png;;Laistytuvas PROSPERPLAST, 3 l, 1 vnt.;Iki 03.11;0;2;39;;AČIŪ
336;Pramonės prekės;https://offers.maxima.lt/media/MarketingOffer/65e5ec86e6cdc.png;;Purkštuvas SOLID BY KAUFTEC PRO, 2 l, 1 vnt.;Iki 03.11;0;3;99;;AČIŪ
337;Pramonės prekės;https://offers.maxima.lt/media/MarketingOffer/65e5ec8759433.png;;Sekatorius STALWART, 1 vnt.;Iki 03.11;2;5;99;;AČIŪ
338;Pramonės prekės;https://offers.maxima.lt/media/MarketingOffer/65e5ec86cb0af.png;-40%;VAZONAMS;Iki 03.11;0;;;;
339;Pramonės prekės;https://offers.maxima.lt/media/MarketingOffer/65e5eca4dcc28.png;;Lateksu dengtos pirštinės STALWART, 1 pora;Iki 03.11;0;1;79;;AČIŪ
340;Pramonės prekės;https://offers.maxima.lt/media/MarketingOffer/65e5eca4a753b.png;;"Užrišami šiukšlių maišai HOME EXPERT, 40; 60 l, 1 pak. (10; 15 vnt.)";Iki 03.11;0;0;99;;AČIŪ
341;Pramonės prekės;https://offers.maxima.lt/media/MarketingOffer/65e5eca36c3e1.png;;Virtuvinės kempinės HOME EXPERT, 1 pak. (5 vnt.);Iki 03.11;0;0;71;;AČIŪ
342;Pramonės prekės;https://offers.maxima.lt/media/MarketingOffer/65e5eca40bddb.png;;Automobilių oro gaiviklis ROTZ, 4 rūšių, 6 ml, 1 vnt.;Iki 03.11;2;1;35;;AČIŪ
343;Pramonės prekės;https://offers.maxima.lt/media/MarketingOffer/65e5eca3a0e26.png;;Hidraulinis keltuvas ROTZ, 1 rink.;Iki 03.11;2;11;99;;AČIŪ
344;Augalai ir jų priežiūros prekės;https://offers.maxima.lt/media/MarketingOffer/65e5ec8044a17.png;;Gvazdikų puokštė, įvairių spalvų, 1 puokštė – 9 vnt.;Iki 03.11;0;3;99;;
345;Augalai ir jų priežiūros prekės;https://offers.maxima.lt/media/MarketingOffer/65e5ec7f9a1fa.png;;Alstremerijų puokštė, įvairių spalvų, 1 puokštė – 7 vnt.;Iki 03.11;0;3;99;;
346;Augalai ir jų priežiūros prekės;https://offers.maxima.lt/media/MarketingOffer/65e5ec8032a97.png;;Rožių puokštė, įvairių spalvų, 40 cm, 1 puokštė – 9 vnt.;Iki 03.11;0;3;99;;
347;Augalai ir jų priežiūros prekės;https://offers.maxima.lt/media/MarketingOffer/65e5ec7fbd179.png;;Tulpių puokštė, įvairių spalvų, 1 puokštė – 15 vnt.;Iki 03.11;0;4;49;;
348;Augalai ir jų priežiūros prekės;https://offers.maxima.lt/media/MarketingOffer/65e5ec7ff0a8e.png;;Tulpių puokštė, įvairių spalvų, 1 puokštė – 7 vnt.;Iki 03.11;0;2;49;;
349;Augalai ir jų priežiūros prekės;https://offers.maxima.lt/media/MarketingOffer/65e5ec7fdf997.png;;Narcizų puokštė, 1 puokštė – 10 vnt.;Iki 03.11;0;0;99;;
350;Augalai ir jų priežiūros prekės;https://offers.maxima.lt/media/MarketingOffer/65e5ec7faaf37.png;;Frezijų puokštė, įvairių spalvų, 1 puokštė – 11 vnt.;Iki 03.11;0;4;49;;
351;Augalai ir jų priežiūros prekės;https://offers.maxima.lt/media/MarketingOffer/65e5ec7fcdb91.png;;Rožių puokštė, įvairių spalvų, 50 cm, 1 puokštė – 7 vnt.;Iki 03.11;0;5;99;;
352;Augalai ir jų priežiūros prekės;https://offers.maxima.lt/media/MarketingOffer/65e5ec80d2739.png;;Vazoninė gėlė orchidėja, 1 vaz.;Iki 03.11;0;6;99;;
353;Augalai ir jų priežiūros prekės;https://offers.maxima.lt/media/MarketingOffer/65e5ec8106d64.png;;Lapiniai augalai keraminiame vazone, įvairių rūšių, 1 vaz.;Iki 03.11;0;4;99;;
354;Augalai ir jų priežiūros prekės;https://offers.maxima.lt/media/MarketingOffer/65e5ec8063939.png;-35%;KAKTUSAMS, SUKULENTAMS IR JŲ KOMPOZICIJOMS;Iki 03.11;0;;;;
355;Augalai ir jų priežiūros prekės;https://offers.maxima.lt/media/MarketingOffer/65e5ec811aa69.png;;Vazoninė gėlė kinrožė, 2 rūšių, 1 vaz.;Iki 03.11;0;4;99;;
356;Augalai ir jų priežiūros prekės;https://offers.maxima.lt/media/MarketingOffer/65e5ec80bf92d.png;;Vazoninė gėlė rožė, 1 vaz.;Iki 03.11;0;2;59;;
357;Augalai ir jų priežiūros prekės;https://offers.maxima.lt/media/MarketingOffer/65e5ec80e5fa4.png;;Vazoninė gėlė hortenzija, 2 rūšių, 1 vaz.;Iki 03.11;0;5;99;;
358;Augalai ir jų priežiūros prekės;https://offers.maxima.lt/media/MarketingOffer/65e5ec808a937.png;;Vazoninė gėlė hortenzija, įvairių spalvų, 1 vaz.;Iki 03.11;0;6;99;;
359;Augalai ir jų priežiūros prekės;https://offers.maxima.lt/media/MarketingOffer/65e5ec8075b96.png;;Daugiametis žydintis augalas, įvairių rūšių, 1 vaz.;Iki 03.11;0;5;99;;
360;Augalai ir jų priežiūros prekės;https://offers.maxima.lt/media/MarketingOffer/65e5ec80ac9df.png;;Magnolija, 1 vaz.;Iki 03.11;0;6;99;;
